"sample","sample_index","group","replicate","ici_score","family","relative_abundance"
"S01",1,"Psy",1,0.08,"Erysipelotrichaceae",25.5091186758869
"S01",1,"Psy",1,0.08,"Lachnospiraceae",6.46964156286228
"S01",1,"Psy",1,0.08,"Atopobiaceae",3.60230921959878
"S01",1,"Psy",1,0.08,"Muribaculaceae",21.6173656916504
"S01",1,"Psy",1,0.08,"Akkermansiaceae",0.0192129919295197
"S01",1,"Psy",1,0.08,"Bacteroidaceae",2.74226605830193
"S01",1,"Psy",1,0.08,"Bifidobacteriaceae",9.45847601281752
"S01",1,"Psy",1,0.08,"Clostridiaceae",3.32612303829444
"S01",1,"Psy",1,0.08,"Eubacterium_coprostanoligenes_group",0.000551097158450193
"S01",1,"Psy",1,0.08,"Lactobacillaceae",4.72260215111825
"S01",1,"Psy",1,0.08,"Peptococcaceae",0.0497448993679818
"S01",1,"Psy",1,0.08,"Peptostreptococcaceae",6.08726524748517
"S01",1,"Psy",1,0.08,"Ruminococcaceae",2.40229263211714
"S01",1,"Psy",1,0.08,"Oscillospiraceae",2.03575216728943
"S01",1,"Psy",1,0.08,"Staphylococcaceae",2.4275692632094
"S01",1,"Psy",1,0.08,"Streptococcaceae",1.19323432018363
"S01",1,"Psy",1,0.08,"Sutterellaceae",1.89796852720766
"S01",1,"Psy",1,0.08,"Others",6.43850644352112
"S02",2,"Psy",2,0.0949152542372881,"Erysipelotrichaceae",17.6253033432332
"S02",2,"Psy",2,0.0949152542372881,"Lachnospiraceae",18.0840193550584
"S02",2,"Psy",2,0.0949152542372881,"Atopobiaceae",2.93266596131571
"S02",2,"Psy",2,0.0949152542372881,"Muribaculaceae",6.11726305485914
"S02",2,"Psy",2,0.0949152542372881,"Akkermansiaceae",0.000352269403782128
"S02",2,"Psy",2,0.0949152542372881,"Bacteroidaceae",10.8375647309176
"S02",2,"Psy",2,0.0949152542372881,"Bifidobacteriaceae",12.4861657991451
"S02",2,"Psy",2,0.0949152542372881,"Clostridiaceae",3.14554372645373
"S02",2,"Psy",2,0.0949152542372881,"Eubacterium_coprostanoligenes_group",2.17237786117881
"S02",2,"Psy",2,0.0949152542372881,"Lactobacillaceae",0.581510604344972
"S02",2,"Psy",2,0.0949152542372881,"Peptococcaceae",1.79559059029144
"S02",2,"Psy",2,0.0949152542372881,"Peptostreptococcaceae",0.142002895065755
"S02",2,"Psy",2,0.0949152542372881,"Ruminococcaceae",7.99706661550205
"S02",2,"Psy",2,0.0949152542372881,"Oscillospiraceae",1.35665772311848
"S02",2,"Psy",2,0.0949152542372881,"Staphylococcaceae",1.856360374929
"S02",2,"Psy",2,0.0949152542372881,"Streptococcaceae",0.00638187313861724
"S02",2,"Psy",2,0.0949152542372881,"Sutterellaceae",2.60339434489324
"S02",2,"Psy",2,0.0949152542372881,"Others",10.2597788771509
"S03",3,"Psy",3,0.109830508474576,"Erysipelotrichaceae",32.919185733905
"S03",3,"Psy",3,0.109830508474576,"Lachnospiraceae",12.1492078152475
"S03",3,"Psy",3,0.109830508474576,"Atopobiaceae",0.494013569069859
"S03",3,"Psy",3,0.109830508474576,"Muribaculaceae",4.22695366701356
"S03",3,"Psy",3,0.109830508474576,"Akkermansiaceae",0.104325540515038
"S03",3,"Psy",3,0.109830508474576,"Bacteroidaceae",12.933377214967
"S03",3,"Psy",3,0.109830508474576,"Bifidobacteriaceae",4.74239862724333
"S03",3,"Psy",3,0.109830508474576,"Clostridiaceae",1.88509898919495
"S03",3,"Psy",3,0.109830508474576,"Eubacterium_coprostanoligenes_group",0.702610156927592
"S03",3,"Psy",3,0.109830508474576,"Lactobacillaceae",3.18709903119148
"S03",3,"Psy",3,0.109830508474576,"Peptococcaceae",1.9620858779578
"S03",3,"Psy",3,0.109830508474576,"Peptostreptococcaceae",0.52249091781801
"S03",3,"Psy",3,0.109830508474576,"Ruminococcaceae",2.16048245128912
"S03",3,"Psy",3,0.109830508474576,"Oscillospiraceae",9.48396049191304
"S03",3,"Psy",3,0.109830508474576,"Staphylococcaceae",3.32656045770099
"S03",3,"Psy",3,0.109830508474576,"Streptococcaceae",0.85872975990173
"S03",3,"Psy",3,0.109830508474576,"Sutterellaceae",1.48674461105773
"S03",3,"Psy",3,0.109830508474576,"Others",6.85467508708627
"S04",4,"Psy",4,0.124745762711864,"Erysipelotrichaceae",42.0129519753303
"S04",4,"Psy",4,0.124745762711864,"Lachnospiraceae",10.7166390809804
"S04",4,"Psy",4,0.124745762711864,"Atopobiaceae",8.65464751370261
"S04",4,"Psy",4,0.124745762711864,"Muribaculaceae",6.27308539349311
"S04",4,"Psy",4,0.124745762711864,"Akkermansiaceae",1.93902147144019
"S04",4,"Psy",4,0.124745762711864,"Bacteroidaceae",1.97749333320486
"S04",4,"Psy",4,0.124745762711864,"Bifidobacteriaceae",2.16694609694199
"S04",4,"Psy",4,0.124745762711864,"Clostridiaceae",0.500004520489678
"S04",4,"Psy",4,0.124745762711864,"Eubacterium_coprostanoligenes_group",0.314777761960733
"S04",4,"Psy",4,0.124745762711864,"Lactobacillaceae",3.00866730391922
"S04",4,"Psy",4,0.124745762711864,"Peptococcaceae",0.374179232049156
"S04",4,"Psy",4,0.124745762711864,"Peptostreptococcaceae",1.34404229980675
"S04",4,"Psy",4,0.124745762711864,"Ruminococcaceae",10.1406736879665
"S04",4,"Psy",4,0.124745762711864,"Oscillospiraceae",1.25251858861128
"S04",4,"Psy",4,0.124745762711864,"Staphylococcaceae",4.92361701753507
"S04",4,"Psy",4,0.124745762711864,"Streptococcaceae",0.0515581522815439
"S04",4,"Psy",4,0.124745762711864,"Sutterellaceae",1.04877510447914
"S04",4,"Psy",4,0.124745762711864,"Others",3.30040146580742
"S05",5,"Psy",5,0.139661016949153,"Erysipelotrichaceae",27.3240389156219
"S05",5,"Psy",5,0.139661016949153,"Lachnospiraceae",15.2639929207769
"S05",5,"Psy",5,0.139661016949153,"Atopobiaceae",2.97122483135245
"S05",5,"Psy",5,0.139661016949153,"Muribaculaceae",7.08705306696807
"S05",5,"Psy",5,0.139661016949153,"Akkermansiaceae",0.831529724551311
"S05",5,"Psy",5,0.139661016949153,"Bacteroidaceae",8.70733471559689
"S05",5,"Psy",5,0.139661016949153,"Bifidobacteriaceae",4.89273391972428
"S05",5,"Psy",5,0.139661016949153,"Clostridiaceae",1.57256099725079
"S05",5,"Psy",5,0.139661016949153,"Eubacterium_coprostanoligenes_group",0.51139682046541
"S05",5,"Psy",5,0.139661016949153,"Lactobacillaceae",4.7291070721955
"S05",5,"Psy",5,0.139661016949153,"Peptococcaceae",1.32867009467765
"S05",5,"Psy",5,0.139661016949153,"Peptostreptococcaceae",10.9515529349933
"S05",5,"Psy",5,0.139661016949153,"Ruminococcaceae",6.77213389883627
"S05",5,"Psy",5,0.139661016949153,"Oscillospiraceae",0.963214841522292
"S05",5,"Psy",5,0.139661016949153,"Staphylococcaceae",2.32389104327282
"S05",5,"Psy",5,0.139661016949153,"Streptococcaceae",1.31048430513487
"S05",5,"Psy",5,0.139661016949153,"Sutterellaceae",0.590866834067572
"S05",5,"Psy",5,0.139661016949153,"Others",1.86821306299173
"S06",6,"Med",1,0.154576271186441,"Erysipelotrichaceae",15.0125863887603
"S06",6,"Med",1,0.154576271186441,"Lachnospiraceae",12.9628615035038
"S06",6,"Med",1,0.154576271186441,"Atopobiaceae",4.2015351208396
"S06",6,"Med",1,0.154576271186441,"Muribaculaceae",21.3374037611774
"S06",6,"Med",1,0.154576271186441,"Akkermansiaceae",4.16959711755652
"S06",6,"Med",1,0.154576271186441,"Bacteroidaceae",5.02691565576351
"S06",6,"Med",1,0.154576271186441,"Bifidobacteriaceae",4.69570371827531
"S06",6,"Med",1,0.154576271186441,"Clostridiaceae",3.4824398891119
"S06",6,"Med",1,0.154576271186441,"Eubacterium_coprostanoligenes_group",1.51695388662574
"S06",6,"Med",1,0.154576271186441,"Lactobacillaceae",3.9682709272432
"S06",6,"Med",1,0.154576271186441,"Peptococcaceae",3.42262919374555
"S06",6,"Med",1,0.154576271186441,"Peptostreptococcaceae",0.00690007623597395
"S06",6,"Med",1,0.154576271186441,"Ruminococcaceae",7.88681048599533
"S06",6,"Med",1,0.154576271186441,"Oscillospiraceae",3.27097787924941
"S06",6,"Med",1,0.154576271186441,"Staphylococcaceae",1.70510959794992
"S06",6,"Med",1,0.154576271186441,"Streptococcaceae",2.7180116586432
"S06",6,"Med",1,0.154576271186441,"Sutterellaceae",0.38273463210471
"S06",6,"Med",1,0.154576271186441,"Others",4.23255850721864
"S07",7,"Med",2,0.169491525423729,"Erysipelotrichaceae",24.2928321202826
"S07",7,"Med",2,0.169491525423729,"Lachnospiraceae",8.82897545442422
"S07",7,"Med",2,0.169491525423729,"Atopobiaceae",0.47366101191745
"S07",7,"Med",2,0.169491525423729,"Muribaculaceae",12.9240053668843
"S07",7,"Med",2,0.169491525423729,"Akkermansiaceae",4.17102830895461
"S07",7,"Med",2,0.169491525423729,"Bacteroidaceae",4.7928167032921
"S07",7,"Med",2,0.169491525423729,"Bifidobacteriaceae",2.38102681208934
"S07",7,"Med",2,0.169491525423729,"Clostridiaceae",10.5520513506003
"S07",7,"Med",2,0.169491525423729,"Eubacterium_coprostanoligenes_group",8.30507639442818e-05
"S07",7,"Med",2,0.169491525423729,"Lactobacillaceae",3.99508787605693
"S07",7,"Med",2,0.169491525423729,"Peptococcaceae",0.588994915566999
"S07",7,"Med",2,0.169491525423729,"Peptostreptococcaceae",12.6257379162573
"S07",7,"Med",2,0.169491525423729,"Ruminococcaceae",4.70337103663418
"S07",7,"Med",2,0.169491525423729,"Oscillospiraceae",2.18599425658885
"S07",7,"Med",2,0.169491525423729,"Staphylococcaceae",0.00222784844026433
"S07",7,"Med",2,0.169491525423729,"Streptococcaceae",5.29650454027305
"S07",7,"Med",2,0.169491525423729,"Sutterellaceae",0.467059328828307
"S07",7,"Med",2,0.169491525423729,"Others",1.71854210214524
"S08",8,"Med",3,0.184406779661017,"Erysipelotrichaceae",6.41094284604378
"S08",8,"Med",3,0.184406779661017,"Lachnospiraceae",7.64624336790008
"S08",8,"Med",3,0.184406779661017,"Atopobiaceae",2.84431234284763
"S08",8,"Med",3,0.184406779661017,"Muribaculaceae",19.4290980798276
"S08",8,"Med",3,0.184406779661017,"Akkermansiaceae",4.38916076106115
"S08",8,"Med",3,0.184406779661017,"Bacteroidaceae",2.59767917113182
"S08",8,"Med",3,0.184406779661017,"Bifidobacteriaceae",0.0145953562902863
"S08",8,"Med",3,0.184406779661017,"Clostridiaceae",10.526555928793
"S08",8,"Med",3,0.184406779661017,"Eubacterium_coprostanoligenes_group",0.0238931348929108
"S08",8,"Med",3,0.184406779661017,"Lactobacillaceae",8.29337699083768
"S08",8,"Med",3,0.184406779661017,"Peptococcaceae",6.84216633334492
"S08",8,"Med",3,0.184406779661017,"Peptostreptococcaceae",2.72888190769639
"S08",8,"Med",3,0.184406779661017,"Ruminococcaceae",4.40241934818843
"S08",8,"Med",3,0.184406779661017,"Oscillospiraceae",0.146912556326731
"S08",8,"Med",3,0.184406779661017,"Staphylococcaceae",0.02154570665793
"S08",8,"Med",3,0.184406779661017,"Streptococcaceae",11.6527483895678
"S08",8,"Med",3,0.184406779661017,"Sutterellaceae",6.19516875011633
"S08",8,"Med",3,0.184406779661017,"Others",5.83429902847566
"S09",9,"Med",4,0.199322033898305,"Erysipelotrichaceae",26.9893159472809
"S09",9,"Med",4,0.199322033898305,"Lachnospiraceae",18.4642668771163
"S09",9,"Med",4,0.199322033898305,"Atopobiaceae",0.334552455658069
"S09",9,"Med",4,0.199322033898305,"Muribaculaceae",2.80690708678565
"S09",9,"Med",4,0.199322033898305,"Akkermansiaceae",0.312445355965548
"S09",9,"Med",4,0.199322033898305,"Bacteroidaceae",10.7181428125631
"S09",9,"Med",4,0.199322033898305,"Bifidobacteriaceae",1.49133765173833
"S09",9,"Med",4,0.199322033898305,"Clostridiaceae",9.86459870661042
"S09",9,"Med",4,0.199322033898305,"Eubacterium_coprostanoligenes_group",0.62106871189215
"S09",9,"Med",4,0.199322033898305,"Lactobacillaceae",7.83219827700796
"S09",9,"Med",4,0.199322033898305,"Peptococcaceae",3.75901820684254
"S09",9,"Med",4,0.199322033898305,"Peptostreptococcaceae",0.325199789428694
"S09",9,"Med",4,0.199322033898305,"Ruminococcaceae",0.150020630761993
"S09",9,"Med",4,0.199322033898305,"Oscillospiraceae",7.6644441743354
"S09",9,"Med",4,0.199322033898305,"Staphylococcaceae",0.0417920115245963
"S09",9,"Med",4,0.199322033898305,"Streptococcaceae",7.32474304158856
"S09",9,"Med",4,0.199322033898305,"Sutterellaceae",0.00764109080261928
"S09",9,"Med",4,0.199322033898305,"Others",1.2923071720972
"S10",10,"Med",5,0.214237288135593,"Erysipelotrichaceae",15.163372883405
"S10",10,"Med",5,0.214237288135593,"Lachnospiraceae",23.974541912123
"S10",10,"Med",5,0.214237288135593,"Atopobiaceae",1.64884625044542
"S10",10,"Med",5,0.214237288135593,"Muribaculaceae",7.44739690574002
"S10",10,"Med",5,0.214237288135593,"Akkermansiaceae",2.68759847151328
"S10",10,"Med",5,0.214237288135593,"Bacteroidaceae",0.820645105720971
"S10",10,"Med",5,0.214237288135593,"Bifidobacteriaceae",4.17346407801898
"S10",10,"Med",5,0.214237288135593,"Clostridiaceae",7.88204307602361
"S10",10,"Med",5,0.214237288135593,"Eubacterium_coprostanoligenes_group",0.343222499209699
"S10",10,"Med",5,0.214237288135593,"Lactobacillaceae",4.55611952675181
"S10",10,"Med",5,0.214237288135593,"Peptococcaceae",7.52791517732306
"S10",10,"Med",5,0.214237288135593,"Peptostreptococcaceae",0.900875389150284
"S10",10,"Med",5,0.214237288135593,"Ruminococcaceae",2.02208418559013
"S10",10,"Med",5,0.214237288135593,"Oscillospiraceae",12.3400668701471
"S10",10,"Med",5,0.214237288135593,"Staphylococcaceae",0.716142617117947
"S10",10,"Med",5,0.214237288135593,"Streptococcaceae",3.92031373925869
"S10",10,"Med",5,0.214237288135593,"Sutterellaceae",3.37475453449838
"S10",10,"Med",5,0.214237288135593,"Others",0.500596777962663
"S11",11,"Jap",1,0.229152542372881,"Erysipelotrichaceae",13.2888586879891
"S11",11,"Jap",1,0.229152542372881,"Lachnospiraceae",8.43472374056233
"S11",11,"Jap",1,0.229152542372881,"Atopobiaceae",16.9909768445866
"S11",11,"Jap",1,0.229152542372881,"Muribaculaceae",4.76743818770228
"S11",11,"Jap",1,0.229152542372881,"Akkermansiaceae",3.63147660302435
"S11",11,"Jap",1,0.229152542372881,"Bacteroidaceae",10.8420618694542
"S11",11,"Jap",1,0.229152542372881,"Bifidobacteriaceae",0.511910993305578
"S11",11,"Jap",1,0.229152542372881,"Clostridiaceae",6.77587955427225
"S11",11,"Jap",1,0.229152542372881,"Eubacterium_coprostanoligenes_group",0.0287029661199076
"S11",11,"Jap",1,0.229152542372881,"Lactobacillaceae",1.52104169950834
"S11",11,"Jap",1,0.229152542372881,"Peptococcaceae",5.82240419760967
"S11",11,"Jap",1,0.229152542372881,"Peptostreptococcaceae",1.51199873171382
"S11",11,"Jap",1,0.229152542372881,"Ruminococcaceae",4.84974093736604
"S11",11,"Jap",1,0.229152542372881,"Oscillospiraceae",0.258418162388914
"S11",11,"Jap",1,0.229152542372881,"Staphylococcaceae",2.53279489617835
"S11",11,"Jap",1,0.229152542372881,"Streptococcaceae",1.39490818619255
"S11",11,"Jap",1,0.229152542372881,"Sutterellaceae",3.6973141754609
"S11",11,"Jap",1,0.229152542372881,"Others",13.1393495665648
"S12",12,"Jap",2,0.244067796610169,"Erysipelotrichaceae",30.8741954451437
"S12",12,"Jap",2,0.244067796610169,"Lachnospiraceae",12.8176050602823
"S12",12,"Jap",2,0.244067796610169,"Atopobiaceae",9.03073811320071
"S12",12,"Jap",2,0.244067796610169,"Muribaculaceae",3.59704105444879
"S12",12,"Jap",2,0.244067796610169,"Akkermansiaceae",2.8375390842909
"S12",12,"Jap",2,0.244067796610169,"Bacteroidaceae",0.338000905805679
"S12",12,"Jap",2,0.244067796610169,"Bifidobacteriaceae",1.44937748283451
"S12",12,"Jap",2,0.244067796610169,"Clostridiaceae",7.48404305291129
"S12",12,"Jap",2,0.244067796610169,"Eubacterium_coprostanoligenes_group",0.0350830284470922
"S12",12,"Jap",2,0.244067796610169,"Lactobacillaceae",11.1875346340657
"S12",12,"Jap",2,0.244067796610169,"Peptococcaceae",5.55737595340798
"S12",12,"Jap",2,0.244067796610169,"Peptostreptococcaceae",2.32221949006111
"S12",12,"Jap",2,0.244067796610169,"Ruminococcaceae",0.842131623615267
"S12",12,"Jap",2,0.244067796610169,"Oscillospiraceae",1.50641073666735
"S12",12,"Jap",2,0.244067796610169,"Staphylococcaceae",4.52667436000579
"S12",12,"Jap",2,0.244067796610169,"Streptococcaceae",0.946646681875041
"S12",12,"Jap",2,0.244067796610169,"Sutterellaceae",1.64030870162634
"S12",12,"Jap",2,0.244067796610169,"Others",3.00707459131046
"S13",13,"Jap",3,0.258983050847458,"Erysipelotrichaceae",30.4276391354035
"S13",13,"Jap",3,0.258983050847458,"Lachnospiraceae",6.55789406227399
"S13",13,"Jap",3,0.258983050847458,"Atopobiaceae",5.69253051614076
"S13",13,"Jap",3,0.258983050847458,"Muribaculaceae",2.76132039419302
"S13",13,"Jap",3,0.258983050847458,"Akkermansiaceae",8.78287998976687
"S13",13,"Jap",3,0.258983050847458,"Bacteroidaceae",2.17990665899428
"S13",13,"Jap",3,0.258983050847458,"Bifidobacteriaceae",4.31575666991437
"S13",13,"Jap",3,0.258983050847458,"Clostridiaceae",10.6841769576858
"S13",13,"Jap",3,0.258983050847458,"Eubacterium_coprostanoligenes_group",0.192437593091872
"S13",13,"Jap",3,0.258983050847458,"Lactobacillaceae",1.18559151230598
"S13",13,"Jap",3,0.258983050847458,"Peptococcaceae",6.23971196286698
"S13",13,"Jap",3,0.258983050847458,"Peptostreptococcaceae",1.82284716382195
"S13",13,"Jap",3,0.258983050847458,"Ruminococcaceae",1.93985773732897
"S13",13,"Jap",3,0.258983050847458,"Oscillospiraceae",0.147709176422442
"S13",13,"Jap",3,0.258983050847458,"Staphylococcaceae",1.09250870898244
"S13",13,"Jap",3,0.258983050847458,"Streptococcaceae",1.78109368257727
"S13",13,"Jap",3,0.258983050847458,"Sutterellaceae",10.2472388949739
"S13",13,"Jap",3,0.258983050847458,"Others",3.94889918325564
"S14",14,"Jap",4,0.273898305084746,"Erysipelotrichaceae",18.781451131766
"S14",14,"Jap",4,0.273898305084746,"Lachnospiraceae",8.72322944717897
"S14",14,"Jap",4,0.273898305084746,"Atopobiaceae",2.74545433511064
"S14",14,"Jap",4,0.273898305084746,"Muribaculaceae",12.7790295358313
"S14",14,"Jap",4,0.273898305084746,"Akkermansiaceae",3.84276629880448
"S14",14,"Jap",4,0.273898305084746,"Bacteroidaceae",9.90432317094149
"S14",14,"Jap",4,0.273898305084746,"Bifidobacteriaceae",4.41938040812748
"S14",14,"Jap",4,0.273898305084746,"Clostridiaceae",0.876733839961808
"S14",14,"Jap",4,0.273898305084746,"Eubacterium_coprostanoligenes_group",0.694469429485137
"S14",14,"Jap",4,0.273898305084746,"Lactobacillaceae",6.03665083824159
"S14",14,"Jap",4,0.273898305084746,"Peptococcaceae",1.8605686805058
"S14",14,"Jap",4,0.273898305084746,"Peptostreptococcaceae",6.17915671809516
"S14",14,"Jap",4,0.273898305084746,"Ruminococcaceae",2.63549580672151
"S14",14,"Jap",4,0.273898305084746,"Oscillospiraceae",0.207948253646752
"S14",14,"Jap",4,0.273898305084746,"Staphylococcaceae",0.652891092174298
"S14",14,"Jap",4,0.273898305084746,"Streptococcaceae",1.33834130264383
"S14",14,"Jap",4,0.273898305084746,"Sutterellaceae",8.28872279648367
"S14",14,"Jap",4,0.273898305084746,"Others",10.0333869142801
"S15",15,"Jap",5,0.288813559322034,"Erysipelotrichaceae",28.6616950548913
"S15",15,"Jap",5,0.288813559322034,"Lachnospiraceae",10.7912258659339
"S15",15,"Jap",5,0.288813559322034,"Atopobiaceae",4.48109147442399
"S15",15,"Jap",5,0.288813559322034,"Muribaculaceae",7.3717089073932
"S15",15,"Jap",5,0.288813559322034,"Akkermansiaceae",4.92125149513508
"S15",15,"Jap",5,0.288813559322034,"Bacteroidaceae",2.43611403484932
"S15",15,"Jap",5,0.288813559322034,"Bifidobacteriaceae",7.24811172973663
"S15",15,"Jap",5,0.288813559322034,"Clostridiaceae",1.08539517983923
"S15",15,"Jap",5,0.288813559322034,"Eubacterium_coprostanoligenes_group",3.16668962076147
"S15",15,"Jap",5,0.288813559322034,"Lactobacillaceae",0.153116970506947
"S15",15,"Jap",5,0.288813559322034,"Peptococcaceae",2.7686795267543
"S15",15,"Jap",5,0.288813559322034,"Peptostreptococcaceae",0.23770395817041
"S15",15,"Jap",5,0.288813559322034,"Ruminococcaceae",0.158179163982832
"S15",15,"Jap",5,0.288813559322034,"Oscillospiraceae",2.84749526792777
"S15",15,"Jap",5,0.288813559322034,"Staphylococcaceae",0.82001981444162
"S15",15,"Jap",5,0.288813559322034,"Streptococcaceae",7.09678600288767
"S15",15,"Jap",5,0.288813559322034,"Sutterellaceae",0.423182723484107
"S15",15,"Jap",5,0.288813559322034,"Others",15.3315532088802
"S16",16,"Keto",1,0.303728813559322,"Erysipelotrichaceae",19.378577801455
"S16",16,"Keto",1,0.303728813559322,"Lachnospiraceae",17.8809661103424
"S16",16,"Keto",1,0.303728813559322,"Atopobiaceae",17.9157763499707
"S16",16,"Keto",1,0.303728813559322,"Muribaculaceae",2.3252350244769
"S16",16,"Keto",1,0.303728813559322,"Akkermansiaceae",4.89426268574269
"S16",16,"Keto",1,0.303728813559322,"Bacteroidaceae",2.93741626213063
"S16",16,"Keto",1,0.303728813559322,"Bifidobacteriaceae",5.52280874326099
"S16",16,"Keto",1,0.303728813559322,"Clostridiaceae",3.53922610438383
"S16",16,"Keto",1,0.303728813559322,"Eubacterium_coprostanoligenes_group",1.94196745862365
"S16",16,"Keto",1,0.303728813559322,"Lactobacillaceae",2.9209972870802
"S16",16,"Keto",1,0.303728813559322,"Peptococcaceae",1.77946178125235
"S16",16,"Keto",1,0.303728813559322,"Peptostreptococcaceae",1.11463412671653
"S16",16,"Keto",1,0.303728813559322,"Ruminococcaceae",1.26964900408586
"S16",16,"Keto",1,0.303728813559322,"Oscillospiraceae",6.96862718719014
"S16",16,"Keto",1,0.303728813559322,"Staphylococcaceae",1.44771143748688
"S16",16,"Keto",1,0.303728813559322,"Streptococcaceae",1.61746857713798
"S16",16,"Keto",1,0.303728813559322,"Sutterellaceae",4.63945731505129
"S16",16,"Keto",1,0.303728813559322,"Others",1.90575674361197
"S17",17,"Keto",2,0.31864406779661,"Erysipelotrichaceae",8.22821242017029
"S17",17,"Keto",2,0.31864406779661,"Lachnospiraceae",42.4635710780472
"S17",17,"Keto",2,0.31864406779661,"Atopobiaceae",6.37318178719314
"S17",17,"Keto",2,0.31864406779661,"Muribaculaceae",3.95793204273033
"S17",17,"Keto",2,0.31864406779661,"Akkermansiaceae",0.251950244709508
"S17",17,"Keto",2,0.31864406779661,"Bacteroidaceae",1.88425474944545
"S17",17,"Keto",2,0.31864406779661,"Bifidobacteriaceae",7.03235442929551
"S17",17,"Keto",2,0.31864406779661,"Clostridiaceae",7.03905590384187
"S17",17,"Keto",2,0.31864406779661,"Eubacterium_coprostanoligenes_group",0.790055582815142
"S17",17,"Keto",2,0.31864406779661,"Lactobacillaceae",2.66619929220499
"S17",17,"Keto",2,0.31864406779661,"Peptococcaceae",5.11512652658076
"S17",17,"Keto",2,0.31864406779661,"Peptostreptococcaceae",3.20406752434882
"S17",17,"Keto",2,0.31864406779661,"Ruminococcaceae",1.29247428081105
"S17",17,"Keto",2,0.31864406779661,"Oscillospiraceae",2.27451946236881
"S17",17,"Keto",2,0.31864406779661,"Staphylococcaceae",1.02977833812941
"S17",17,"Keto",2,0.31864406779661,"Streptococcaceae",2.27229212390653
"S17",17,"Keto",2,0.31864406779661,"Sutterellaceae",3.64949989127118
"S17",17,"Keto",2,0.31864406779661,"Others",0.475474322130045
"S18",18,"Keto",3,0.333559322033898,"Erysipelotrichaceae",4.50013089860925
"S18",18,"Keto",3,0.333559322033898,"Lachnospiraceae",49.4046437646939
"S18",18,"Keto",3,0.333559322033898,"Atopobiaceae",13.0239844356186
"S18",18,"Keto",3,0.333559322033898,"Muribaculaceae",1.14180280421018
"S18",18,"Keto",3,0.333559322033898,"Akkermansiaceae",6.54242417148157
"S18",18,"Keto",3,0.333559322033898,"Bacteroidaceae",1.92460322842731
"S18",18,"Keto",3,0.333559322033898,"Bifidobacteriaceae",2.48236711350517
"S18",18,"Keto",3,0.333559322033898,"Clostridiaceae",1.36121812433507
"S18",18,"Keto",3,0.333559322033898,"Eubacterium_coprostanoligenes_group",0.030410664667075
"S18",18,"Keto",3,0.333559322033898,"Lactobacillaceae",2.82813398469408
"S18",18,"Keto",3,0.333559322033898,"Peptococcaceae",4.73447529043169
"S18",18,"Keto",3,0.333559322033898,"Peptostreptococcaceae",0.203667487821087
"S18",18,"Keto",3,0.333559322033898,"Ruminococcaceae",3.43510175258747
"S18",18,"Keto",3,0.333559322033898,"Oscillospiraceae",2.83194569552853
"S18",18,"Keto",3,0.333559322033898,"Staphylococcaceae",0.0742753929436725
"S18",18,"Keto",3,0.333559322033898,"Streptococcaceae",3.82932713958157
"S18",18,"Keto",3,0.333559322033898,"Sutterellaceae",0.0927444025905725
"S18",18,"Keto",3,0.333559322033898,"Others",1.55874364827318
"S19",19,"Keto",4,0.348474576271186,"Erysipelotrichaceae",15.1466415432728
"S19",19,"Keto",4,0.348474576271186,"Lachnospiraceae",43.9750982705122
"S19",19,"Keto",4,0.348474576271186,"Atopobiaceae",7.41991926616355
"S19",19,"Keto",4,0.348474576271186,"Muribaculaceae",3.899400030419
"S19",19,"Keto",4,0.348474576271186,"Akkermansiaceae",0.194044222142386
"S19",19,"Keto",4,0.348474576271186,"Bacteroidaceae",3.67692833653551
"S19",19,"Keto",4,0.348474576271186,"Bifidobacteriaceae",0.341423972175838
"S19",19,"Keto",4,0.348474576271186,"Clostridiaceae",4.44525977902306
"S19",19,"Keto",4,0.348474576271186,"Eubacterium_coprostanoligenes_group",0.9891860839191
"S19",19,"Keto",4,0.348474576271186,"Lactobacillaceae",1.90308368130577
"S19",19,"Keto",4,0.348474576271186,"Peptococcaceae",0.211943711730782
"S19",19,"Keto",4,0.348474576271186,"Peptostreptococcaceae",4.73847457985093
"S19",19,"Keto",4,0.348474576271186,"Ruminococcaceae",6.56594914179564
"S19",19,"Keto",4,0.348474576271186,"Oscillospiraceae",1.52207730377588
"S19",19,"Keto",4,0.348474576271186,"Staphylococcaceae",0.0800000081432834
"S19",19,"Keto",4,0.348474576271186,"Streptococcaceae",0.27431764066346
"S19",19,"Keto",4,0.348474576271186,"Sutterellaceae",1.49357823479618
"S19",19,"Keto",4,0.348474576271186,"Others",3.12267419377458
"S20",20,"Keto",5,0.363389830508475,"Erysipelotrichaceae",14.3023128080831
"S20",20,"Keto",5,0.363389830508475,"Lachnospiraceae",29.1737527641003
"S20",20,"Keto",5,0.363389830508475,"Atopobiaceae",4.98599125804253
"S20",20,"Keto",5,0.363389830508475,"Muribaculaceae",0.527410501020648
"S20",20,"Keto",5,0.363389830508475,"Akkermansiaceae",6.28241011188824
"S20",20,"Keto",5,0.363389830508475,"Bacteroidaceae",1.70528577662616
"S20",20,"Keto",5,0.363389830508475,"Bifidobacteriaceae",5.05130702065695
"S20",20,"Keto",5,0.363389830508475,"Clostridiaceae",7.08388890674989
"S20",20,"Keto",5,0.363389830508475,"Eubacterium_coprostanoligenes_group",1.67268945614819
"S20",20,"Keto",5,0.363389830508475,"Lactobacillaceae",5.98927104615184
"S20",20,"Keto",5,0.363389830508475,"Peptococcaceae",1.13074804525737
"S20",20,"Keto",5,0.363389830508475,"Peptostreptococcaceae",0.318623753531165
"S20",20,"Keto",5,0.363389830508475,"Ruminococcaceae",0.484243667648879
"S20",20,"Keto",5,0.363389830508475,"Oscillospiraceae",5.34190008221446
"S20",20,"Keto",5,0.363389830508475,"Staphylococcaceae",4.73980503881066
"S20",20,"Keto",5,0.363389830508475,"Streptococcaceae",0.390184218086045
"S20",20,"Keto",5,0.363389830508475,"Sutterellaceae",7.98507140133575
"S20",20,"Keto",5,0.363389830508475,"Others",2.83510414364785
"S21",21,"Veg",1,0.378305084745763,"Erysipelotrichaceae",12.08618298343
"S21",21,"Veg",1,0.378305084745763,"Lachnospiraceae",29.3377718137301
"S21",21,"Veg",1,0.378305084745763,"Atopobiaceae",3.90746022018594
"S21",21,"Veg",1,0.378305084745763,"Muribaculaceae",7.08316421871655
"S21",21,"Veg",1,0.378305084745763,"Akkermansiaceae",0.689375252453298
"S21",21,"Veg",1,0.378305084745763,"Bacteroidaceae",3.07434352396123
"S21",21,"Veg",1,0.378305084745763,"Bifidobacteriaceae",0.344047730006393
"S21",21,"Veg",1,0.378305084745763,"Clostridiaceae",1.17372908929913
"S21",21,"Veg",1,0.378305084745763,"Eubacterium_coprostanoligenes_group",2.84968788970307
"S21",21,"Veg",1,0.378305084745763,"Lactobacillaceae",6.71346330316143
"S21",21,"Veg",1,0.378305084745763,"Peptococcaceae",2.65201096249365
"S21",21,"Veg",1,0.378305084745763,"Peptostreptococcaceae",4.1894668889477
"S21",21,"Veg",1,0.378305084745763,"Ruminococcaceae",2.97203803213326
"S21",21,"Veg",1,0.378305084745763,"Oscillospiraceae",9.80308135165976
"S21",21,"Veg",1,0.378305084745763,"Staphylococcaceae",6.6407500764496
"S21",21,"Veg",1,0.378305084745763,"Streptococcaceae",0.311608620113696
"S21",21,"Veg",1,0.378305084745763,"Sutterellaceae",4.63632731068532
"S21",21,"Veg",1,0.378305084745763,"Others",1.53549073286981
"S22",22,"Veg",2,0.393220338983051,"Erysipelotrichaceae",15.2869917583007
"S22",22,"Veg",2,0.393220338983051,"Lachnospiraceae",28.3877689030497
"S22",22,"Veg",2,0.393220338983051,"Atopobiaceae",4.11273266326214
"S22",22,"Veg",2,0.393220338983051,"Muribaculaceae",14.2749466504229
"S22",22,"Veg",2,0.393220338983051,"Akkermansiaceae",3.31262702704487
"S22",22,"Veg",2,0.393220338983051,"Bacteroidaceae",1.0359005441399
"S22",22,"Veg",2,0.393220338983051,"Bifidobacteriaceae",0.82845885762925
"S22",22,"Veg",2,0.393220338983051,"Clostridiaceae",0.873169705560752
"S22",22,"Veg",2,0.393220338983051,"Eubacterium_coprostanoligenes_group",3.10836917486901
"S22",22,"Veg",2,0.393220338983051,"Lactobacillaceae",3.67667275545355
"S22",22,"Veg",2,0.393220338983051,"Peptococcaceae",1.19567789851916
"S22",22,"Veg",2,0.393220338983051,"Peptostreptococcaceae",3.90124191328769
"S22",22,"Veg",2,0.393220338983051,"Ruminococcaceae",0.110330839531972
"S22",22,"Veg",2,0.393220338983051,"Oscillospiraceae",5.19152215841378
"S22",22,"Veg",2,0.393220338983051,"Staphylococcaceae",2.39499116259884
"S22",22,"Veg",2,0.393220338983051,"Streptococcaceae",1.18515903163373
"S22",22,"Veg",2,0.393220338983051,"Sutterellaceae",0.379654313529149
"S22",22,"Veg",2,0.393220338983051,"Others",10.743784642753
"S23",23,"Veg",3,0.408135593220339,"Erysipelotrichaceae",11.9806560006162
"S23",23,"Veg",3,0.408135593220339,"Lachnospiraceae",15.5185604909127
"S23",23,"Veg",3,0.408135593220339,"Atopobiaceae",1.36473235877347
"S23",23,"Veg",3,0.408135593220339,"Muribaculaceae",30.6196849573918
"S23",23,"Veg",3,0.408135593220339,"Akkermansiaceae",0.0908325432178884
"S23",23,"Veg",3,0.408135593220339,"Bacteroidaceae",0.0309556563202314
"S23",23,"Veg",3,0.408135593220339,"Bifidobacteriaceae",0.638528452678094
"S23",23,"Veg",3,0.408135593220339,"Clostridiaceae",2.34436180724238
"S23",23,"Veg",3,0.408135593220339,"Eubacterium_coprostanoligenes_group",3.17207362364479
"S23",23,"Veg",3,0.408135593220339,"Lactobacillaceae",4.52918434711323
"S23",23,"Veg",3,0.408135593220339,"Peptococcaceae",0.143611655569376
"S23",23,"Veg",3,0.408135593220339,"Peptostreptococcaceae",4.45857495832472
"S23",23,"Veg",3,0.408135593220339,"Ruminococcaceae",2.42227911158389
"S23",23,"Veg",3,0.408135593220339,"Oscillospiraceae",18.9070996992464
"S23",23,"Veg",3,0.408135593220339,"Staphylococcaceae",0.108376525743914
"S23",23,"Veg",3,0.408135593220339,"Streptococcaceae",0.676423036013607
"S23",23,"Veg",3,0.408135593220339,"Sutterellaceae",2.77950774092376
"S23",23,"Veg",3,0.408135593220339,"Others",0.214557034683478
"S24",24,"Veg",4,0.423050847457627,"Erysipelotrichaceae",11.134410928941
"S24",24,"Veg",4,0.423050847457627,"Lachnospiraceae",20.5820833249012
"S24",24,"Veg",4,0.423050847457627,"Atopobiaceae",2.69661969466101
"S24",24,"Veg",4,0.423050847457627,"Muribaculaceae",7.80092448686606
"S24",24,"Veg",4,0.423050847457627,"Akkermansiaceae",0.671430217095045
"S24",24,"Veg",4,0.423050847457627,"Bacteroidaceae",2.73316942640746
"S24",24,"Veg",4,0.423050847457627,"Bifidobacteriaceae",0.0977387914081832
"S24",24,"Veg",4,0.423050847457627,"Clostridiaceae",2.01081835149947
"S24",24,"Veg",4,0.423050847457627,"Eubacterium_coprostanoligenes_group",14.2570694881401
"S24",24,"Veg",4,0.423050847457627,"Lactobacillaceae",7.10129719819161
"S24",24,"Veg",4,0.423050847457627,"Peptococcaceae",1.96941372371938
"S24",24,"Veg",4,0.423050847457627,"Peptostreptococcaceae",3.91117836459853
"S24",24,"Veg",4,0.423050847457627,"Ruminococcaceae",4.47989431182967
"S24",24,"Veg",4,0.423050847457627,"Oscillospiraceae",10.1083586660159
"S24",24,"Veg",4,0.423050847457627,"Staphylococcaceae",3.77324039946959
"S24",24,"Veg",4,0.423050847457627,"Streptococcaceae",1.22159382909327
"S24",24,"Veg",4,0.423050847457627,"Sutterellaceae",1.10193398962128
"S24",24,"Veg",4,0.423050847457627,"Others",4.34882480754128
"S25",25,"Veg",5,0.437966101694915,"Erysipelotrichaceae",17.9801108478966
"S25",25,"Veg",5,0.437966101694915,"Lachnospiraceae",32.2134700872551
"S25",25,"Veg",5,0.437966101694915,"Atopobiaceae",2.9268759677011
"S25",25,"Veg",5,0.437966101694915,"Muribaculaceae",15.3448036559886
"S25",25,"Veg",5,0.437966101694915,"Akkermansiaceae",3.01997848606106
"S25",25,"Veg",5,0.437966101694915,"Bacteroidaceae",1.46585775129051
"S25",25,"Veg",5,0.437966101694915,"Bifidobacteriaceae",0.148270667451422
"S25",25,"Veg",5,0.437966101694915,"Clostridiaceae",0.819856331903892
"S25",25,"Veg",5,0.437966101694915,"Eubacterium_coprostanoligenes_group",0.616880856687888
"S25",25,"Veg",5,0.437966101694915,"Lactobacillaceae",1.77808246083147
"S25",25,"Veg",5,0.437966101694915,"Peptococcaceae",2.40561594349678
"S25",25,"Veg",5,0.437966101694915,"Peptostreptococcaceae",5.33963713106754
"S25",25,"Veg",5,0.437966101694915,"Ruminococcaceae",2.40113680853203
"S25",25,"Veg",5,0.437966101694915,"Oscillospiraceae",7.89925223588843
"S25",25,"Veg",5,0.437966101694915,"Staphylococcaceae",0.544920409642396
"S25",25,"Veg",5,0.437966101694915,"Streptococcaceae",3.02118316122454
"S25",25,"Veg",5,0.437966101694915,"Sutterellaceae",0.497364297192604
"S25",25,"Veg",5,0.437966101694915,"Others",1.57670289988808
"S26",26,"Pec",1,0.452881355932203,"Erysipelotrichaceae",28.6358660461618
"S26",26,"Pec",1,0.452881355932203,"Lachnospiraceae",10.611309861032
"S26",26,"Pec",1,0.452881355932203,"Atopobiaceae",2.86453979271387
"S26",26,"Pec",1,0.452881355932203,"Muribaculaceae",6.90310573901766
"S26",26,"Pec",1,0.452881355932203,"Akkermansiaceae",3.4287097473664
"S26",26,"Pec",1,0.452881355932203,"Bacteroidaceae",2.51324169994026
"S26",26,"Pec",1,0.452881355932203,"Bifidobacteriaceae",3.42437934516383
"S26",26,"Pec",1,0.452881355932203,"Clostridiaceae",3.98656148440061
"S26",26,"Pec",1,0.452881355932203,"Eubacterium_coprostanoligenes_group",4.30909583697834
"S26",26,"Pec",1,0.452881355932203,"Lactobacillaceae",9.15865748460546
"S26",26,"Pec",1,0.452881355932203,"Peptococcaceae",6.09777035421529
"S26",26,"Pec",1,0.452881355932203,"Peptostreptococcaceae",4.4295232844574
"S26",26,"Pec",1,0.452881355932203,"Ruminococcaceae",0.275500142540101
"S26",26,"Pec",1,0.452881355932203,"Oscillospiraceae",3.24126666288143
"S26",26,"Pec",1,0.452881355932203,"Staphylococcaceae",1.79655385906598
"S26",26,"Pec",1,0.452881355932203,"Streptococcaceae",0.130237721287272
"S26",26,"Pec",1,0.452881355932203,"Sutterellaceae",2.40226349206131
"S26",26,"Pec",1,0.452881355932203,"Others",5.79141744611104
"S27",27,"Pec",2,0.467796610169492,"Erysipelotrichaceae",22.5175604511511
"S27",27,"Pec",2,0.467796610169492,"Lachnospiraceae",10.476704092935
"S27",27,"Pec",2,0.467796610169492,"Atopobiaceae",1.12168830110344
"S27",27,"Pec",2,0.467796610169492,"Muribaculaceae",5.89729297869854
"S27",27,"Pec",2,0.467796610169492,"Akkermansiaceae",0.100823003589889
"S27",27,"Pec",2,0.467796610169492,"Bacteroidaceae",1.02402077290939
"S27",27,"Pec",2,0.467796610169492,"Bifidobacteriaceae",8.3099704627018
"S27",27,"Pec",2,0.467796610169492,"Clostridiaceae",3.83768760151663
"S27",27,"Pec",2,0.467796610169492,"Eubacterium_coprostanoligenes_group",5.96519542481683
"S27",27,"Pec",2,0.467796610169492,"Lactobacillaceae",14.33216591991
"S27",27,"Pec",2,0.467796610169492,"Peptococcaceae",3.61009879027593
"S27",27,"Pec",2,0.467796610169492,"Peptostreptococcaceae",5.95243160413238
"S27",27,"Pec",2,0.467796610169492,"Ruminococcaceae",3.62912447551976
"S27",27,"Pec",2,0.467796610169492,"Oscillospiraceae",7.35163406313401
"S27",27,"Pec",2,0.467796610169492,"Staphylococcaceae",2.56288883454355
"S27",27,"Pec",2,0.467796610169492,"Streptococcaceae",0.000460694053287006
"S27",27,"Pec",2,0.467796610169492,"Sutterellaceae",1.90628047856986
"S27",27,"Pec",2,0.467796610169492,"Others",1.4039720504385
"S28",28,"Pec",3,0.48271186440678,"Erysipelotrichaceae",20.1569127045837
"S28",28,"Pec",3,0.48271186440678,"Lachnospiraceae",10.1294205054626
"S28",28,"Pec",3,0.48271186440678,"Atopobiaceae",1.26019711432054
"S28",28,"Pec",3,0.48271186440678,"Muribaculaceae",21.6765068534569
"S28",28,"Pec",3,0.48271186440678,"Akkermansiaceae",0.353556396649645
"S28",28,"Pec",3,0.48271186440678,"Bacteroidaceae",1.3301235928483
"S28",28,"Pec",3,0.48271186440678,"Bifidobacteriaceae",2.74843250128971
"S28",28,"Pec",3,0.48271186440678,"Clostridiaceae",0.420464497019089
"S28",28,"Pec",3,0.48271186440678,"Eubacterium_coprostanoligenes_group",2.67278828051807
"S28",28,"Pec",3,0.48271186440678,"Lactobacillaceae",13.8009135663341
"S28",28,"Pec",3,0.48271186440678,"Peptococcaceae",2.92061942079742
"S28",28,"Pec",3,0.48271186440678,"Peptostreptococcaceae",7.59285017899201
"S28",28,"Pec",3,0.48271186440678,"Ruminococcaceae",2.63747394108851
"S28",28,"Pec",3,0.48271186440678,"Oscillospiraceae",5.18446353019424
"S28",28,"Pec",3,0.48271186440678,"Staphylococcaceae",1.01389896952657
"S28",28,"Pec",3,0.48271186440678,"Streptococcaceae",1.18176568475805
"S28",28,"Pec",3,0.48271186440678,"Sutterellaceae",3.03532854338895
"S28",28,"Pec",3,0.48271186440678,"Others",1.88428371877152
"S29",29,"Pec",4,0.497627118644068,"Erysipelotrichaceae",23.6260030293777
"S29",29,"Pec",4,0.497627118644068,"Lachnospiraceae",9.79869653951246
"S29",29,"Pec",4,0.497627118644068,"Atopobiaceae",4.41279759833398
"S29",29,"Pec",4,0.497627118644068,"Muribaculaceae",4.34291138723642
"S29",29,"Pec",4,0.497627118644068,"Akkermansiaceae",1.51619543059141
"S29",29,"Pec",4,0.497627118644068,"Bacteroidaceae",0.659368626455205
"S29",29,"Pec",4,0.497627118644068,"Bifidobacteriaceae",14.7693435898711
"S29",29,"Pec",4,0.497627118644068,"Clostridiaceae",2.25116619571485
"S29",29,"Pec",4,0.497627118644068,"Eubacterium_coprostanoligenes_group",2.70328021690736
"S29",29,"Pec",4,0.497627118644068,"Lactobacillaceae",11.9577185512921
"S29",29,"Pec",4,0.497627118644068,"Peptococcaceae",4.23406649195955
"S29",29,"Pec",4,0.497627118644068,"Peptostreptococcaceae",0.222122747467212
"S29",29,"Pec",4,0.497627118644068,"Ruminococcaceae",0.236477758721851
"S29",29,"Pec",4,0.497627118644068,"Oscillospiraceae",6.91569213692206
"S29",29,"Pec",4,0.497627118644068,"Staphylococcaceae",3.66278596754449
"S29",29,"Pec",4,0.497627118644068,"Streptococcaceae",0.0764027917684045
"S29",29,"Pec",4,0.497627118644068,"Sutterellaceae",0.725108815080893
"S29",29,"Pec",4,0.497627118644068,"Others",7.88986212524295
"S30",30,"Pec",5,0.512542372881356,"Erysipelotrichaceae",19.3020157712698
"S30",30,"Pec",5,0.512542372881356,"Lachnospiraceae",13.3732937419843
"S30",30,"Pec",5,0.512542372881356,"Atopobiaceae",3.4862464762841
"S30",30,"Pec",5,0.512542372881356,"Muribaculaceae",1.17574550077893
"S30",30,"Pec",5,0.512542372881356,"Akkermansiaceae",2.77079238371086
"S30",30,"Pec",5,0.512542372881356,"Bacteroidaceae",6.93661693009207
"S30",30,"Pec",5,0.512542372881356,"Bifidobacteriaceae",10.2274634957683
"S30",30,"Pec",5,0.512542372881356,"Clostridiaceae",0.337355460677287
"S30",30,"Pec",5,0.512542372881356,"Eubacterium_coprostanoligenes_group",4.84835638159727
"S30",30,"Pec",5,0.512542372881356,"Lactobacillaceae",4.18058529364294
"S30",30,"Pec",5,0.512542372881356,"Peptococcaceae",4.3709002013652
"S30",30,"Pec",5,0.512542372881356,"Peptostreptococcaceae",1.09862139455308
"S30",30,"Pec",5,0.512542372881356,"Ruminococcaceae",2.77030429522862
"S30",30,"Pec",5,0.512542372881356,"Oscillospiraceae",7.88555482383234
"S30",30,"Pec",5,0.512542372881356,"Staphylococcaceae",4.63043219485617
"S30",30,"Pec",5,0.512542372881356,"Streptococcaceae",0.00498555640292001
"S30",30,"Pec",5,0.512542372881356,"Sutterellaceae",9.57618396477717
"S30",30,"Pec",5,0.512542372881356,"Others",3.02454613317864
"S31",31,"LF",1,0.527457627118644,"Erysipelotrichaceae",29.5551331141208
"S31",31,"LF",1,0.527457627118644,"Lachnospiraceae",2.7440232105406
"S31",31,"LF",1,0.527457627118644,"Atopobiaceae",6.30850006964865
"S31",31,"LF",1,0.527457627118644,"Muribaculaceae",19.007767798815
"S31",31,"LF",1,0.527457627118644,"Akkermansiaceae",1.35127394115684
"S31",31,"LF",1,0.527457627118644,"Bacteroidaceae",2.40678041993422
"S31",31,"LF",1,0.527457627118644,"Bifidobacteriaceae",13.647391966777
"S31",31,"LF",1,0.527457627118644,"Clostridiaceae",1.20186398196122
"S31",31,"LF",1,0.527457627118644,"Eubacterium_coprostanoligenes_group",2.26009786243043
"S31",31,"LF",1,0.527457627118644,"Lactobacillaceae",4.82608967206979
"S31",31,"LF",1,0.527457627118644,"Peptococcaceae",0.261498650284073
"S31",31,"LF",1,0.527457627118644,"Peptostreptococcaceae",0.42062529832273
"S31",31,"LF",1,0.527457627118644,"Ruminococcaceae",4.44346037445688
"S31",31,"LF",1,0.527457627118644,"Oscillospiraceae",4.10817396139295
"S31",31,"LF",1,0.527457627118644,"Staphylococcaceae",0.959898137930039
"S31",31,"LF",1,0.527457627118644,"Streptococcaceae",1.56034085820404
"S31",31,"LF",1,0.527457627118644,"Sutterellaceae",4.10899882366914
"S31",31,"LF",1,0.527457627118644,"Others",0.828081858285551
"S32",32,"LF",2,0.542372881355932,"Erysipelotrichaceae",19.9489210499026
"S32",32,"LF",2,0.542372881355932,"Lachnospiraceae",5.62850147703945
"S32",32,"LF",2,0.542372881355932,"Atopobiaceae",3.33103833173783
"S32",32,"LF",2,0.542372881355932,"Muribaculaceae",8.33483638464964
"S32",32,"LF",2,0.542372881355932,"Akkermansiaceae",1.37709289704594
"S32",32,"LF",2,0.542372881355932,"Bacteroidaceae",12.5749977515109
"S32",32,"LF",2,0.542372881355932,"Bifidobacteriaceae",7.41632283978038
"S32",32,"LF",2,0.542372881355932,"Clostridiaceae",3.4312409744981
"S32",32,"LF",2,0.542372881355932,"Eubacterium_coprostanoligenes_group",1.36912334498546
"S32",32,"LF",2,0.542372881355932,"Lactobacillaceae",4.41464195713467
"S32",32,"LF",2,0.542372881355932,"Peptococcaceae",0.762055696814136
"S32",32,"LF",2,0.542372881355932,"Peptostreptococcaceae",5.00624555920049
"S32",32,"LF",2,0.542372881355932,"Ruminococcaceae",4.68743172817463
"S32",32,"LF",2,0.542372881355932,"Oscillospiraceae",11.3994727564444
"S32",32,"LF",2,0.542372881355932,"Staphylococcaceae",0.0667865158138507
"S32",32,"LF",2,0.542372881355932,"Streptococcaceae",0.081446913676512
"S32",32,"LF",2,0.542372881355932,"Sutterellaceae",4.65633829699394
"S32",32,"LF",2,0.542372881355932,"Others",5.51350552459705
"S33",33,"LF",3,0.55728813559322,"Erysipelotrichaceae",19.8717405305028
"S33",33,"LF",3,0.55728813559322,"Lachnospiraceae",6.82102849970616
"S33",33,"LF",3,0.55728813559322,"Atopobiaceae",3.07441509177255
"S33",33,"LF",3,0.55728813559322,"Muribaculaceae",12.2407657438617
"S33",33,"LF",3,0.55728813559322,"Akkermansiaceae",0.0202063406527132
"S33",33,"LF",3,0.55728813559322,"Bacteroidaceae",2.56280005425697
"S33",33,"LF",3,0.55728813559322,"Bifidobacteriaceae",7.8854990528587
"S33",33,"LF",3,0.55728813559322,"Clostridiaceae",6.3625451371751
"S33",33,"LF",3,0.55728813559322,"Eubacterium_coprostanoligenes_group",3.90613063434924
"S33",33,"LF",3,0.55728813559322,"Lactobacillaceae",7.88627030479738
"S33",33,"LF",3,0.55728813559322,"Peptococcaceae",3.0308266696585
"S33",33,"LF",3,0.55728813559322,"Peptostreptococcaceae",4.38703749060228
"S33",33,"LF",3,0.55728813559322,"Ruminococcaceae",1.63585220887317
"S33",33,"LF",3,0.55728813559322,"Oscillospiraceae",2.29491255494221
"S33",33,"LF",3,0.55728813559322,"Staphylococcaceae",0.0254873505658094
"S33",33,"LF",3,0.55728813559322,"Streptococcaceae",0.00645364734223952
"S33",33,"LF",3,0.55728813559322,"Sutterellaceae",1.60863867327518
"S33",33,"LF",3,0.55728813559322,"Others",16.3793900148073
"S34",34,"LF",4,0.572203389830508,"Erysipelotrichaceae",43.328961739048
"S34",34,"LF",4,0.572203389830508,"Lachnospiraceae",11.019746199358
"S34",34,"LF",4,0.572203389830508,"Atopobiaceae",1.9265982586701
"S34",34,"LF",4,0.572203389830508,"Muribaculaceae",7.01158449918745
"S34",34,"LF",4,0.572203389830508,"Akkermansiaceae",1.94560988956233
"S34",34,"LF",4,0.572203389830508,"Bacteroidaceae",4.1691413171722
"S34",34,"LF",4,0.572203389830508,"Bifidobacteriaceae",5.97847379049457
"S34",34,"LF",4,0.572203389830508,"Clostridiaceae",3.18191378946994
"S34",34,"LF",4,0.572203389830508,"Eubacterium_coprostanoligenes_group",2.71906567985842
"S34",34,"LF",4,0.572203389830508,"Lactobacillaceae",0.825971506800551
"S34",34,"LF",4,0.572203389830508,"Peptococcaceae",1.11047499882026
"S34",34,"LF",4,0.572203389830508,"Peptostreptococcaceae",1.64261721881546
"S34",34,"LF",4,0.572203389830508,"Ruminococcaceae",2.54499016663775
"S34",34,"LF",4,0.572203389830508,"Oscillospiraceae",3.04653733558106
"S34",34,"LF",4,0.572203389830508,"Staphylococcaceae",0.284360434028769
"S34",34,"LF",4,0.572203389830508,"Streptococcaceae",0.897477732736912
"S34",34,"LF",4,0.572203389830508,"Sutterellaceae",4.73863465299906
"S34",34,"LF",4,0.572203389830508,"Others",3.62784079075917
"S35",35,"LF",5,0.587118644067797,"Erysipelotrichaceae",32.5782043943021
"S35",35,"LF",5,0.587118644067797,"Lachnospiraceae",6.72380397812258
"S35",35,"LF",5,0.587118644067797,"Atopobiaceae",6.16365129480603
"S35",35,"LF",5,0.587118644067797,"Muribaculaceae",9.38210182345773
"S35",35,"LF",5,0.587118644067797,"Akkermansiaceae",0.537213335393834
"S35",35,"LF",5,0.587118644067797,"Bacteroidaceae",15.1041661109551
"S35",35,"LF",5,0.587118644067797,"Bifidobacteriaceae",0.897848005102497
"S35",35,"LF",5,0.587118644067797,"Clostridiaceae",0.940439097150832
"S35",35,"LF",5,0.587118644067797,"Eubacterium_coprostanoligenes_group",3.07365632735614
"S35",35,"LF",5,0.587118644067797,"Lactobacillaceae",3.76148347883515
"S35",35,"LF",5,0.587118644067797,"Peptococcaceae",1.48212375755355
"S35",35,"LF",5,0.587118644067797,"Peptostreptococcaceae",0.883276125903079
"S35",35,"LF",5,0.587118644067797,"Ruminococcaceae",2.51135970325432
"S35",35,"LF",5,0.587118644067797,"Oscillospiraceae",3.51178669043331
"S35",35,"LF",5,0.587118644067797,"Staphylococcaceae",1.49839436941715
"S35",35,"LF",5,0.587118644067797,"Streptococcaceae",0.0208141314066914
"S35",35,"LF",5,0.587118644067797,"Sutterellaceae",0.414113882259208
"S35",35,"LF",5,0.587118644067797,"Others",10.5155634942907
"S36",36,"West",1,0.602033898305085,"Erysipelotrichaceae",4.93934057072642
"S36",36,"West",1,0.602033898305085,"Lachnospiraceae",16.9244845783893
"S36",36,"West",1,0.602033898305085,"Atopobiaceae",0.252053934450629
"S36",36,"West",1,0.602033898305085,"Muribaculaceae",10.6561631334441
"S36",36,"West",1,0.602033898305085,"Akkermansiaceae",0.0591863050327661
"S36",36,"West",1,0.602033898305085,"Bacteroidaceae",8.67264914720582
"S36",36,"West",1,0.602033898305085,"Bifidobacteriaceae",10.5670680891849
"S36",36,"West",1,0.602033898305085,"Clostridiaceae",0.275113119854768
"S36",36,"West",1,0.602033898305085,"Eubacterium_coprostanoligenes_group",0.139468893601395
"S36",36,"West",1,0.602033898305085,"Lactobacillaceae",6.69306422298896
"S36",36,"West",1,0.602033898305085,"Peptococcaceae",1.67737985664723
"S36",36,"West",1,0.602033898305085,"Peptostreptococcaceae",17.2868794945708
"S36",36,"West",1,0.602033898305085,"Ruminococcaceae",4.39824772898659
"S36",36,"West",1,0.602033898305085,"Oscillospiraceae",1.61137260626384
"S36",36,"West",1,0.602033898305085,"Staphylococcaceae",11.3883511786793
"S36",36,"West",1,0.602033898305085,"Streptococcaceae",1.93575782274424
"S36",36,"West",1,0.602033898305085,"Sutterellaceae",1.786096019335
"S36",36,"West",1,0.602033898305085,"Others",0.737323297893902
"S37",37,"West",2,0.616949152542373,"Erysipelotrichaceae",4.15452710962277
"S37",37,"West",2,0.616949152542373,"Lachnospiraceae",15.4903893839953
"S37",37,"West",2,0.616949152542373,"Atopobiaceae",10.4432969103632
"S37",37,"West",2,0.616949152542373,"Muribaculaceae",8.97495305721472
"S37",37,"West",2,0.616949152542373,"Akkermansiaceae",0.146894040623477
"S37",37,"West",2,0.616949152542373,"Bacteroidaceae",9.98353327130333
"S37",37,"West",2,0.616949152542373,"Bifidobacteriaceae",13.0710329327166
"S37",37,"West",2,0.616949152542373,"Clostridiaceae",0.44933499789468
"S37",37,"West",2,0.616949152542373,"Eubacterium_coprostanoligenes_group",0.00747766579642194
"S37",37,"West",2,0.616949152542373,"Lactobacillaceae",4.26622776216586
"S37",37,"West",2,0.616949152542373,"Peptococcaceae",4.53435251096258
"S37",37,"West",2,0.616949152542373,"Peptostreptococcaceae",11.9289047207917
"S37",37,"West",2,0.616949152542373,"Ruminococcaceae",7.89316454283793
"S37",37,"West",2,0.616949152542373,"Oscillospiraceae",0.808326688760224
"S37",37,"West",2,0.616949152542373,"Staphylococcaceae",4.99479511912547
"S37",37,"West",2,0.616949152542373,"Streptococcaceae",0.00229382203461123
"S37",37,"West",2,0.616949152542373,"Sutterellaceae",1.70483505173489
"S37",37,"West",2,0.616949152542373,"Others",1.14566041205624
"S38",38,"West",3,0.631864406779661,"Erysipelotrichaceae",4.90658933960332
"S38",38,"West",3,0.631864406779661,"Lachnospiraceae",14.9088792398032
"S38",38,"West",3,0.631864406779661,"Atopobiaceae",0.912579870336805
"S38",38,"West",3,0.631864406779661,"Muribaculaceae",2.19532177022709
"S38",38,"West",3,0.631864406779661,"Akkermansiaceae",0.00844469381175367
"S38",38,"West",3,0.631864406779661,"Bacteroidaceae",4.59928429565575
"S38",38,"West",3,0.631864406779661,"Bifidobacteriaceae",6.73606785025512
"S38",38,"West",3,0.631864406779661,"Clostridiaceae",10.9001304039598
"S38",38,"West",3,0.631864406779661,"Eubacterium_coprostanoligenes_group",1.20938213338535
"S38",38,"West",3,0.631864406779661,"Lactobacillaceae",6.69277541527695
"S38",38,"West",3,0.631864406779661,"Peptococcaceae",9.33638424984277
"S38",38,"West",3,0.631864406779661,"Peptostreptococcaceae",7.37932255683313
"S38",38,"West",3,0.631864406779661,"Ruminococcaceae",12.1939148082662
"S38",38,"West",3,0.631864406779661,"Oscillospiraceae",4.69294182452358
"S38",38,"West",3,0.631864406779661,"Staphylococcaceae",0.944029712672704
"S38",38,"West",3,0.631864406779661,"Streptococcaceae",6.44017695687101
"S38",38,"West",3,0.631864406779661,"Sutterellaceae",1.8543111573945
"S38",38,"West",3,0.631864406779661,"Others",4.089463721281
"S39",39,"West",4,0.646779661016949,"Erysipelotrichaceae",12.5493201775835
"S39",39,"West",4,0.646779661016949,"Lachnospiraceae",10.0408874648883
"S39",39,"West",4,0.646779661016949,"Atopobiaceae",2.91335611233001
"S39",39,"West",4,0.646779661016949,"Muribaculaceae",10.5706728547604
"S39",39,"West",4,0.646779661016949,"Akkermansiaceae",0.93591204641935
"S39",39,"West",4,0.646779661016949,"Bacteroidaceae",5.29391814837527
"S39",39,"West",4,0.646779661016949,"Bifidobacteriaceae",11.3460892805735
"S39",39,"West",4,0.646779661016949,"Clostridiaceae",0.637213283646902
"S39",39,"West",4,0.646779661016949,"Eubacterium_coprostanoligenes_group",3.58721183246115
"S39",39,"West",4,0.646779661016949,"Lactobacillaceae",16.2327600126535
"S39",39,"West",4,0.646779661016949,"Peptococcaceae",2.2707890165825
"S39",39,"West",4,0.646779661016949,"Peptostreptococcaceae",6.32804809231236
"S39",39,"West",4,0.646779661016949,"Ruminococcaceae",2.87579525843392
"S39",39,"West",4,0.646779661016949,"Oscillospiraceae",6.95108917435067
"S39",39,"West",4,0.646779661016949,"Staphylococcaceae",2.49939212497457
"S39",39,"West",4,0.646779661016949,"Streptococcaceae",3.58845737313126
"S39",39,"West",4,0.646779661016949,"Sutterellaceae",1.25892694469039
"S39",39,"West",4,0.646779661016949,"Others",0.120160801832563
"S40",40,"West",5,0.661694915254237,"Erysipelotrichaceae",7.31140569415982
"S40",40,"West",5,0.661694915254237,"Lachnospiraceae",3.76317986827341
"S40",40,"West",5,0.661694915254237,"Atopobiaceae",0.240672401612074
"S40",40,"West",5,0.661694915254237,"Muribaculaceae",13.524033388209
"S40",40,"West",5,0.661694915254237,"Akkermansiaceae",0.782792272429285
"S40",40,"West",5,0.661694915254237,"Bacteroidaceae",15.145901719051
"S40",40,"West",5,0.661694915254237,"Bifidobacteriaceae",2.68104739246954
"S40",40,"West",5,0.661694915254237,"Clostridiaceae",7.1833616317123
"S40",40,"West",5,0.661694915254237,"Eubacterium_coprostanoligenes_group",0.221492201316991
"S40",40,"West",5,0.661694915254237,"Lactobacillaceae",2.93772083002351
"S40",40,"West",5,0.661694915254237,"Peptococcaceae",1.08193901687863
"S40",40,"West",5,0.661694915254237,"Peptostreptococcaceae",14.0820384084677
"S40",40,"West",5,0.661694915254237,"Ruminococcaceae",2.31122774114405
"S40",40,"West",5,0.661694915254237,"Oscillospiraceae",12.6652118355545
"S40",40,"West",5,0.661694915254237,"Staphylococcaceae",0.51855005208948
"S40",40,"West",5,0.661694915254237,"Streptococcaceae",2.04500436305991
"S40",40,"West",5,0.661694915254237,"Sutterellaceae",3.65416145842432
"S40",40,"West",5,0.661694915254237,"Others",9.85025972512449
"S41",41,"Inu",1,0.676610169491525,"Erysipelotrichaceae",10.4429315998687
"S41",41,"Inu",1,0.676610169491525,"Lachnospiraceae",14.5664669887439
"S41",41,"Inu",1,0.676610169491525,"Atopobiaceae",0.959194598779387
"S41",41,"Inu",1,0.676610169491525,"Muribaculaceae",2.92220626561177
"S41",41,"Inu",1,0.676610169491525,"Akkermansiaceae",0.79681363234542
"S41",41,"Inu",1,0.676610169491525,"Bacteroidaceae",7.1110195522723
"S41",41,"Inu",1,0.676610169491525,"Bifidobacteriaceae",21.6765464308678
"S41",41,"Inu",1,0.676610169491525,"Clostridiaceae",1.84130041283486
"S41",41,"Inu",1,0.676610169491525,"Eubacterium_coprostanoligenes_group",1.79500631917877
"S41",41,"Inu",1,0.676610169491525,"Lactobacillaceae",16.6519185323018
"S41",41,"Inu",1,0.676610169491525,"Peptococcaceae",2.12413795473524
"S41",41,"Inu",1,0.676610169491525,"Peptostreptococcaceae",0.625684754838565
"S41",41,"Inu",1,0.676610169491525,"Ruminococcaceae",3.11304905829078
"S41",41,"Inu",1,0.676610169491525,"Oscillospiraceae",3.02748141107276
"S41",41,"Inu",1,0.676610169491525,"Staphylococcaceae",0.0161157515257642
"S41",41,"Inu",1,0.676610169491525,"Streptococcaceae",0.238451163460063
"S41",41,"Inu",1,0.676610169491525,"Sutterellaceae",6.14055072507386
"S41",41,"Inu",1,0.676610169491525,"Others",5.95112484819832
"S42",42,"Inu",2,0.691525423728814,"Erysipelotrichaceae",5.61967516963239
"S42",42,"Inu",2,0.691525423728814,"Lachnospiraceae",20.8683282407286
"S42",42,"Inu",2,0.691525423728814,"Atopobiaceae",1.6922770718149
"S42",42,"Inu",2,0.691525423728814,"Muribaculaceae",3.54149948230824
"S42",42,"Inu",2,0.691525423728814,"Akkermansiaceae",1.45648410460608
"S42",42,"Inu",2,0.691525423728814,"Bacteroidaceae",0.11990295833673
"S42",42,"Inu",2,0.691525423728814,"Bifidobacteriaceae",20.6776279875732
"S42",42,"Inu",2,0.691525423728814,"Clostridiaceae",1.04325274061109
"S42",42,"Inu",2,0.691525423728814,"Eubacterium_coprostanoligenes_group",2.96902962222466
"S42",42,"Inu",2,0.691525423728814,"Lactobacillaceae",5.63493908711109
"S42",42,"Inu",2,0.691525423728814,"Peptococcaceae",8.56846205931
"S42",42,"Inu",2,0.691525423728814,"Peptostreptococcaceae",3.51465668135013
"S42",42,"Inu",2,0.691525423728814,"Ruminococcaceae",6.82410827618712
"S42",42,"Inu",2,0.691525423728814,"Oscillospiraceae",12.6045929217232
"S42",42,"Inu",2,0.691525423728814,"Staphylococcaceae",0.000305776757003066
"S42",42,"Inu",2,0.691525423728814,"Streptococcaceae",0.180736198223302
"S42",42,"Inu",2,0.691525423728814,"Sutterellaceae",2.26528832316565
"S42",42,"Inu",2,0.691525423728814,"Others",2.41883329833654
"S43",43,"Inu",3,0.706440677966102,"Erysipelotrichaceae",4.66857809354608
"S43",43,"Inu",3,0.706440677966102,"Lachnospiraceae",16.4932816738538
"S43",43,"Inu",3,0.706440677966102,"Atopobiaceae",0.940163237223741
"S43",43,"Inu",3,0.706440677966102,"Muribaculaceae",8.66367160602628
"S43",43,"Inu",3,0.706440677966102,"Akkermansiaceae",2.47270083834474
"S43",43,"Inu",3,0.706440677966102,"Bacteroidaceae",2.272890225854
"S43",43,"Inu",3,0.706440677966102,"Bifidobacteriaceae",11.8247416206373
"S43",43,"Inu",3,0.706440677966102,"Clostridiaceae",1.80199441255487
"S43",43,"Inu",3,0.706440677966102,"Eubacterium_coprostanoligenes_group",0.324299262757271
"S43",43,"Inu",3,0.706440677966102,"Lactobacillaceae",11.6873764374852
"S43",43,"Inu",3,0.706440677966102,"Peptococcaceae",6.51555198914534
"S43",43,"Inu",3,0.706440677966102,"Peptostreptococcaceae",2.65370328239425
"S43",43,"Inu",3,0.706440677966102,"Ruminococcaceae",6.22368331900937
"S43",43,"Inu",3,0.706440677966102,"Oscillospiraceae",15.0216756925279
"S43",43,"Inu",3,0.706440677966102,"Staphylococcaceae",1.09021131417473
"S43",43,"Inu",3,0.706440677966102,"Streptococcaceae",3.72436209850018
"S43",43,"Inu",3,0.706440677966102,"Sutterellaceae",0.404745247067952
"S43",43,"Inu",3,0.706440677966102,"Others",3.21636964889693
"S44",44,"Inu",4,0.72135593220339,"Erysipelotrichaceae",4.15269664639735
"S44",44,"Inu",4,0.72135593220339,"Lachnospiraceae",23.4783514158442
"S44",44,"Inu",4,0.72135593220339,"Atopobiaceae",0.468273987931914
"S44",44,"Inu",4,0.72135593220339,"Muribaculaceae",6.65844777688053
"S44",44,"Inu",4,0.72135593220339,"Akkermansiaceae",0.430888500393403
"S44",44,"Inu",4,0.72135593220339,"Bacteroidaceae",3.08191121903838
"S44",44,"Inu",4,0.72135593220339,"Bifidobacteriaceae",32.1406839312178
"S44",44,"Inu",4,0.72135593220339,"Clostridiaceae",0.229859732954258
"S44",44,"Inu",4,0.72135593220339,"Eubacterium_coprostanoligenes_group",0.341545133011762
"S44",44,"Inu",4,0.72135593220339,"Lactobacillaceae",5.15885247303811
"S44",44,"Inu",4,0.72135593220339,"Peptococcaceae",0.765425603076249
"S44",44,"Inu",4,0.72135593220339,"Peptostreptococcaceae",3.22809672755123
"S44",44,"Inu",4,0.72135593220339,"Ruminococcaceae",3.05979847556292
"S44",44,"Inu",4,0.72135593220339,"Oscillospiraceae",12.465944512349
"S44",44,"Inu",4,0.72135593220339,"Staphylococcaceae",1.28917368504655
"S44",44,"Inu",4,0.72135593220339,"Streptococcaceae",0.148145596508507
"S44",44,"Inu",4,0.72135593220339,"Sutterellaceae",1.30214003165924
"S44",44,"Inu",4,0.72135593220339,"Others",1.59976455153859
"S45",45,"Inu",5,0.736271186440678,"Erysipelotrichaceae",10.0237246546147
"S45",45,"Inu",5,0.736271186440678,"Lachnospiraceae",5.72686808562749
"S45",45,"Inu",5,0.736271186440678,"Atopobiaceae",7.37050437603483
"S45",45,"Inu",5,0.736271186440678,"Muribaculaceae",6.05301777966944
"S45",45,"Inu",5,0.736271186440678,"Akkermansiaceae",0.14367676997848
"S45",45,"Inu",5,0.736271186440678,"Bacteroidaceae",2.32130614143411
"S45",45,"Inu",5,0.736271186440678,"Bifidobacteriaceae",21.5794705977967
"S45",45,"Inu",5,0.736271186440678,"Clostridiaceae",2.23753556124334
"S45",45,"Inu",5,0.736271186440678,"Eubacterium_coprostanoligenes_group",1.65649343685285
"S45",45,"Inu",5,0.736271186440678,"Lactobacillaceae",12.4372247255116
"S45",45,"Inu",5,0.736271186440678,"Peptococcaceae",0.00151353913970143
"S45",45,"Inu",5,0.736271186440678,"Peptostreptococcaceae",2.4975759236896
"S45",45,"Inu",5,0.736271186440678,"Ruminococcaceae",2.6703423133323
"S45",45,"Inu",5,0.736271186440678,"Oscillospiraceae",14.3947383924635
"S45",45,"Inu",5,0.736271186440678,"Staphylococcaceae",1.01452496040963
"S45",45,"Inu",5,0.736271186440678,"Streptococcaceae",2.02525756845478
"S45",45,"Inu",5,0.736271186440678,"Sutterellaceae",2.95242774690268
"S45",45,"Inu",5,0.736271186440678,"Others",4.89379742684436
"S46",46,"Amer",1,0.751186440677966,"Erysipelotrichaceae",16.5468645109159
"S46",46,"Amer",1,0.751186440677966,"Lachnospiraceae",7.67559498422312
"S46",46,"Amer",1,0.751186440677966,"Atopobiaceae",9.97466875427767
"S46",46,"Amer",1,0.751186440677966,"Muribaculaceae",24.3498727684697
"S46",46,"Amer",1,0.751186440677966,"Akkermansiaceae",4.64740427365993
"S46",46,"Amer",1,0.751186440677966,"Bacteroidaceae",8.0806864138571
"S46",46,"Amer",1,0.751186440677966,"Bifidobacteriaceae",5.49505565692586
"S46",46,"Amer",1,0.751186440677966,"Clostridiaceae",2.09147399626546
"S46",46,"Amer",1,0.751186440677966,"Eubacterium_coprostanoligenes_group",0.0580631871835365
"S46",46,"Amer",1,0.751186440677966,"Lactobacillaceae",7.99644217449288
"S46",46,"Amer",1,0.751186440677966,"Peptococcaceae",2.79289548512868
"S46",46,"Amer",1,0.751186440677966,"Peptostreptococcaceae",2.35566286293948
"S46",46,"Amer",1,0.751186440677966,"Ruminococcaceae",0.0401046634596409
"S46",46,"Amer",1,0.751186440677966,"Oscillospiraceae",2.40556404493604
"S46",46,"Amer",1,0.751186440677966,"Staphylococcaceae",2.6991289259724
"S46",46,"Amer",1,0.751186440677966,"Streptococcaceae",0.00235836465994753
"S46",46,"Amer",1,0.751186440677966,"Sutterellaceae",0.0888750546778978
"S46",46,"Amer",1,0.751186440677966,"Others",2.69928387795475
"S47",47,"Amer",2,0.766101694915254,"Erysipelotrichaceae",10.8844832428
"S47",47,"Amer",2,0.766101694915254,"Lachnospiraceae",10.2874175187352
"S47",47,"Amer",2,0.766101694915254,"Atopobiaceae",5.98566504965335
"S47",47,"Amer",2,0.766101694915254,"Muribaculaceae",14.882629916246
"S47",47,"Amer",2,0.766101694915254,"Akkermansiaceae",1.92702103827843
"S47",47,"Amer",2,0.766101694915254,"Bacteroidaceae",1.70124135614186
"S47",47,"Amer",2,0.766101694915254,"Bifidobacteriaceae",8.57893752253187
"S47",47,"Amer",2,0.766101694915254,"Clostridiaceae",1.60268316685796
"S47",47,"Amer",2,0.766101694915254,"Eubacterium_coprostanoligenes_group",5.30302961226951
"S47",47,"Amer",2,0.766101694915254,"Lactobacillaceae",4.99990824965482
"S47",47,"Amer",2,0.766101694915254,"Peptococcaceae",1.14171328394602
"S47",47,"Amer",2,0.766101694915254,"Peptostreptococcaceae",9.8826759791832
"S47",47,"Amer",2,0.766101694915254,"Ruminococcaceae",1.35084218923932
"S47",47,"Amer",2,0.766101694915254,"Oscillospiraceae",12.684247708573
"S47",47,"Amer",2,0.766101694915254,"Staphylococcaceae",3.48713330739236
"S47",47,"Amer",2,0.766101694915254,"Streptococcaceae",0.578529546377284
"S47",47,"Amer",2,0.766101694915254,"Sutterellaceae",3.77914653653661
"S47",47,"Amer",2,0.766101694915254,"Others",0.942694775583201
"S48",48,"Amer",3,0.781016949152542,"Erysipelotrichaceae",20.8676418799939
"S48",48,"Amer",3,0.781016949152542,"Lachnospiraceae",13.7467684225738
"S48",48,"Amer",3,0.781016949152542,"Atopobiaceae",7.91525145814619
"S48",48,"Amer",3,0.781016949152542,"Muribaculaceae",16.752294307306
"S48",48,"Amer",3,0.781016949152542,"Akkermansiaceae",2.41792389049827
"S48",48,"Amer",3,0.781016949152542,"Bacteroidaceae",2.17894418462964
"S48",48,"Amer",3,0.781016949152542,"Bifidobacteriaceae",4.718716723697
"S48",48,"Amer",3,0.781016949152542,"Clostridiaceae",3.83647121654144
"S48",48,"Amer",3,0.781016949152542,"Eubacterium_coprostanoligenes_group",2.41433040762724
"S48",48,"Amer",3,0.781016949152542,"Lactobacillaceae",6.97940494467599
"S48",48,"Amer",3,0.781016949152542,"Peptococcaceae",1.96420848257555
"S48",48,"Amer",3,0.781016949152542,"Peptostreptococcaceae",2.42154030362891
"S48",48,"Amer",3,0.781016949152542,"Ruminococcaceae",1.48657749225252
"S48",48,"Amer",3,0.781016949152542,"Oscillospiraceae",3.47477827177322
"S48",48,"Amer",3,0.781016949152542,"Staphylococcaceae",1.02224623679903
"S48",48,"Amer",3,0.781016949152542,"Streptococcaceae",0.00792102019790455
"S48",48,"Amer",3,0.781016949152542,"Sutterellaceae",5.59490293560963
"S48",48,"Amer",3,0.781016949152542,"Others",2.2000778214738
"S49",49,"Amer",4,0.795932203389831,"Erysipelotrichaceae",22.9427523542937
"S49",49,"Amer",4,0.795932203389831,"Lachnospiraceae",20.023640152408
"S49",49,"Amer",4,0.795932203389831,"Atopobiaceae",3.67798604628651
"S49",49,"Amer",4,0.795932203389831,"Muribaculaceae",7.16132729730574
"S49",49,"Amer",4,0.795932203389831,"Akkermansiaceae",5.0489147291746
"S49",49,"Amer",4,0.795932203389831,"Bacteroidaceae",1.27664185422502
"S49",49,"Amer",4,0.795932203389831,"Bifidobacteriaceae",7.60948285919208
"S49",49,"Amer",4,0.795932203389831,"Clostridiaceae",0.205390873839537
"S49",49,"Amer",4,0.795932203389831,"Eubacterium_coprostanoligenes_group",9.50846767099508
"S49",49,"Amer",4,0.795932203389831,"Lactobacillaceae",6.5534348552932
"S49",49,"Amer",4,0.795932203389831,"Peptococcaceae",1.29352426236461
"S49",49,"Amer",4,0.795932203389831,"Peptostreptococcaceae",2.0545277822714
"S49",49,"Amer",4,0.795932203389831,"Ruminococcaceae",3.4705696655067
"S49",49,"Amer",4,0.795932203389831,"Oscillospiraceae",2.07681292164341
"S49",49,"Amer",4,0.795932203389831,"Staphylococcaceae",3.09167240746082
"S49",49,"Amer",4,0.795932203389831,"Streptococcaceae",0.0318644453990404
"S49",49,"Amer",4,0.795932203389831,"Sutterellaceae",2.90714190587287
"S49",49,"Amer",4,0.795932203389831,"Others",1.06584791646768
"S50",50,"Amer",5,0.810847457627119,"Erysipelotrichaceae",18.5111796286813
"S50",50,"Amer",5,0.810847457627119,"Lachnospiraceae",17.5599866776413
"S50",50,"Amer",5,0.810847457627119,"Atopobiaceae",7.31133101998084
"S50",50,"Amer",5,0.810847457627119,"Muribaculaceae",14.3721136499692
"S50",50,"Amer",5,0.810847457627119,"Akkermansiaceae",2.6360256317555
"S50",50,"Amer",5,0.810847457627119,"Bacteroidaceae",0.849069392822091
"S50",50,"Amer",5,0.810847457627119,"Bifidobacteriaceae",7.08411798556102
"S50",50,"Amer",5,0.810847457627119,"Clostridiaceae",1.05865568707041
"S50",50,"Amer",5,0.810847457627119,"Eubacterium_coprostanoligenes_group",1.90228710781677
"S50",50,"Amer",5,0.810847457627119,"Lactobacillaceae",19.568835488886
"S50",50,"Amer",5,0.810847457627119,"Peptococcaceae",0.369250148149064
"S50",50,"Amer",5,0.810847457627119,"Peptostreptococcaceae",2.14849072613226
"S50",50,"Amer",5,0.810847457627119,"Ruminococcaceae",2.63460379793762
"S50",50,"Amer",5,0.810847457627119,"Oscillospiraceae",1.47837822230593
"S50",50,"Amer",5,0.810847457627119,"Staphylococcaceae",0.471904027220375
"S50",50,"Amer",5,0.810847457627119,"Streptococcaceae",1.30132846662369
"S50",50,"Amer",5,0.810847457627119,"Sutterellaceae",0.215802040636896
"S50",50,"Amer",5,0.810847457627119,"Others",0.52664030080982
"S51",51,"Asp",1,0.825762711864407,"Erysipelotrichaceae",21.1646978781979
"S51",51,"Asp",1,0.825762711864407,"Lachnospiraceae",9.89462365903461
"S51",51,"Asp",1,0.825762711864407,"Atopobiaceae",6.18404870431785
"S51",51,"Asp",1,0.825762711864407,"Muribaculaceae",4.7433752939152
"S51",51,"Asp",1,0.825762711864407,"Akkermansiaceae",0.00319708129449776
"S51",51,"Asp",1,0.825762711864407,"Bacteroidaceae",4.73909658007778
"S51",51,"Asp",1,0.825762711864407,"Bifidobacteriaceae",6.66993947144125
"S51",51,"Asp",1,0.825762711864407,"Clostridiaceae",4.50032086774663
"S51",51,"Asp",1,0.825762711864407,"Eubacterium_coprostanoligenes_group",0.464675969194142
"S51",51,"Asp",1,0.825762711864407,"Lactobacillaceae",10.6302666891663
"S51",51,"Asp",1,0.825762711864407,"Peptococcaceae",2.62928222550798
"S51",51,"Asp",1,0.825762711864407,"Peptostreptococcaceae",7.35863145653993
"S51",51,"Asp",1,0.825762711864407,"Ruminococcaceae",0.011167680514286
"S51",51,"Asp",1,0.825762711864407,"Oscillospiraceae",10.1378004310452
"S51",51,"Asp",1,0.825762711864407,"Staphylococcaceae",3.43821238177892
"S51",51,"Asp",1,0.825762711864407,"Streptococcaceae",4.29907896435477
"S51",51,"Asp",1,0.825762711864407,"Sutterellaceae",0.298814315612792
"S51",51,"Asp",1,0.825762711864407,"Others",2.83277035025994
"S52",52,"Asp",2,0.840677966101695,"Erysipelotrichaceae",40.3981109621926
"S52",52,"Asp",2,0.840677966101695,"Lachnospiraceae",1.09235232256134
"S52",52,"Asp",2,0.840677966101695,"Atopobiaceae",5.42665580931738
"S52",52,"Asp",2,0.840677966101695,"Muribaculaceae",3.78772409360176
"S52",52,"Asp",2,0.840677966101695,"Akkermansiaceae",1.66176750278502
"S52",52,"Asp",2,0.840677966101695,"Bacteroidaceae",5.52885185464099
"S52",52,"Asp",2,0.840677966101695,"Bifidobacteriaceae",8.06287714846275
"S52",52,"Asp",2,0.840677966101695,"Clostridiaceae",0.375282860187706
"S52",52,"Asp",2,0.840677966101695,"Eubacterium_coprostanoligenes_group",0.64073303831397
"S52",52,"Asp",2,0.840677966101695,"Lactobacillaceae",11.7840304989054
"S52",52,"Asp",2,0.840677966101695,"Peptococcaceae",0.558165762047193
"S52",52,"Asp",2,0.840677966101695,"Peptostreptococcaceae",4.52428619877033
"S52",52,"Asp",2,0.840677966101695,"Ruminococcaceae",1.65340410185872
"S52",52,"Asp",2,0.840677966101695,"Oscillospiraceae",7.67608390592012
"S52",52,"Asp",2,0.840677966101695,"Staphylococcaceae",2.68818318543198
"S52",52,"Asp",2,0.840677966101695,"Streptococcaceae",1.52211212573107
"S52",52,"Asp",2,0.840677966101695,"Sutterellaceae",0.481628993643802
"S52",52,"Asp",2,0.840677966101695,"Others",2.13774963562786
"S53",53,"Asp",3,0.855593220338983,"Erysipelotrichaceae",20.6817278960748
"S53",53,"Asp",3,0.855593220338983,"Lachnospiraceae",7.6743730886744
"S53",53,"Asp",3,0.855593220338983,"Atopobiaceae",6.29546236147455
"S53",53,"Asp",3,0.855593220338983,"Muribaculaceae",2.7862759827681
"S53",53,"Asp",3,0.855593220338983,"Akkermansiaceae",1.72615582076209
"S53",53,"Asp",3,0.855593220338983,"Bacteroidaceae",4.95639131591733
"S53",53,"Asp",3,0.855593220338983,"Bifidobacteriaceae",2.89374509562053
"S53",53,"Asp",3,0.855593220338983,"Clostridiaceae",3.71013060472298
"S53",53,"Asp",3,0.855593220338983,"Eubacterium_coprostanoligenes_group",2.21039778865043
"S53",53,"Asp",3,0.855593220338983,"Lactobacillaceae",24.2986419597806
"S53",53,"Asp",3,0.855593220338983,"Peptococcaceae",4.03545100599155
"S53",53,"Asp",3,0.855593220338983,"Peptostreptococcaceae",3.31052713580203
"S53",53,"Asp",3,0.855593220338983,"Ruminococcaceae",2.84927893765718
"S53",53,"Asp",3,0.855593220338983,"Oscillospiraceae",8.53817751352943
"S53",53,"Asp",3,0.855593220338983,"Staphylococcaceae",0.777633748178399
"S53",53,"Asp",3,0.855593220338983,"Streptococcaceae",0.183879066641795
"S53",53,"Asp",3,0.855593220338983,"Sutterellaceae",0.938931394342253
"S53",53,"Asp",3,0.855593220338983,"Others",2.13281928341149
"S54",54,"Asp",4,0.870508474576271,"Erysipelotrichaceae",20.5913406467283
"S54",54,"Asp",4,0.870508474576271,"Lachnospiraceae",3.9621860622179
"S54",54,"Asp",4,0.870508474576271,"Atopobiaceae",0.565812189545181
"S54",54,"Asp",4,0.870508474576271,"Muribaculaceae",2.25779237427036
"S54",54,"Asp",4,0.870508474576271,"Akkermansiaceae",0.184885450699791
"S54",54,"Asp",4,0.870508474576271,"Bacteroidaceae",2.62189305280056
"S54",54,"Asp",4,0.870508474576271,"Bifidobacteriaceae",8.06659862465153
"S54",54,"Asp",4,0.870508474576271,"Clostridiaceae",1.16673804491777
"S54",54,"Asp",4,0.870508474576271,"Eubacterium_coprostanoligenes_group",2.97928012241716
"S54",54,"Asp",4,0.870508474576271,"Lactobacillaceae",22.6053562895494
"S54",54,"Asp",4,0.870508474576271,"Peptococcaceae",0.240845098976772
"S54",54,"Asp",4,0.870508474576271,"Peptostreptococcaceae",4.63801890864489
"S54",54,"Asp",4,0.870508474576271,"Ruminococcaceae",4.67597114575249
"S54",54,"Asp",4,0.870508474576271,"Oscillospiraceae",19.479190918637
"S54",54,"Asp",4,0.870508474576271,"Staphylococcaceae",0.0093849842278451
"S54",54,"Asp",4,0.870508474576271,"Streptococcaceae",3.0245647319173
"S54",54,"Asp",4,0.870508474576271,"Sutterellaceae",0.706893344788209
"S54",54,"Asp",4,0.870508474576271,"Others",2.22324800925745
"S55",55,"Asp",5,0.885423728813559,"Erysipelotrichaceae",21.9415270090378
"S55",55,"Asp",5,0.885423728813559,"Lachnospiraceae",1.38936447415968
"S55",55,"Asp",5,0.885423728813559,"Atopobiaceae",1.49282282519897
"S55",55,"Asp",5,0.885423728813559,"Muribaculaceae",11.0684710647157
"S55",55,"Asp",5,0.885423728813559,"Akkermansiaceae",0.0727672243380261
"S55",55,"Asp",5,0.885423728813559,"Bacteroidaceae",11.9462480393522
"S55",55,"Asp",5,0.885423728813559,"Bifidobacteriaceae",10.8747028547807
"S55",55,"Asp",5,0.885423728813559,"Clostridiaceae",0.624530009090817
"S55",55,"Asp",5,0.885423728813559,"Eubacterium_coprostanoligenes_group",0.905417398775886
"S55",55,"Asp",5,0.885423728813559,"Lactobacillaceae",18.4468683235117
"S55",55,"Asp",5,0.885423728813559,"Peptococcaceae",3.26091712721082
"S55",55,"Asp",5,0.885423728813559,"Peptostreptococcaceae",2.7445369984147
"S55",55,"Asp",5,0.885423728813559,"Ruminococcaceae",0.146493577354972
"S55",55,"Asp",5,0.885423728813559,"Oscillospiraceae",7.44860312706478
"S55",55,"Asp",5,0.885423728813559,"Staphylococcaceae",0.079890055169664
"S55",55,"Asp",5,0.885423728813559,"Streptococcaceae",2.1275849682932
"S55",55,"Asp",5,0.885423728813559,"Sutterellaceae",0.615123789518117
"S55",55,"Asp",5,0.885423728813559,"Others",4.81413113401221
"S56",56,"HF",1,0.900338983050847,"Erysipelotrichaceae",29.8093649209003
"S56",56,"HF",1,0.900338983050847,"Lachnospiraceae",11.7002253770811
"S56",56,"HF",1,0.900338983050847,"Atopobiaceae",2.79432227899048
"S56",56,"HF",1,0.900338983050847,"Muribaculaceae",5.53442721237401
"S56",56,"HF",1,0.900338983050847,"Akkermansiaceae",1.82593056365199
"S56",56,"HF",1,0.900338983050847,"Bacteroidaceae",6.04000458603731
"S56",56,"HF",1,0.900338983050847,"Bifidobacteriaceae",2.70454780684
"S56",56,"HF",1,0.900338983050847,"Clostridiaceae",3.91170473559869
"S56",56,"HF",1,0.900338983050847,"Eubacterium_coprostanoligenes_group",0.0137355851207076
"S56",56,"HF",1,0.900338983050847,"Lactobacillaceae",1.79168777202126
"S56",56,"HF",1,0.900338983050847,"Peptococcaceae",1.67556773812116
"S56",56,"HF",1,0.900338983050847,"Peptostreptococcaceae",4.90461695721418
"S56",56,"HF",1,0.900338983050847,"Ruminococcaceae",4.40373912321105
"S56",56,"HF",1,0.900338983050847,"Oscillospiraceae",11.1713043608895
"S56",56,"HF",1,0.900338983050847,"Staphylococcaceae",0.0640180431762947
"S56",56,"HF",1,0.900338983050847,"Streptococcaceae",7.96659079291721
"S56",56,"HF",1,0.900338983050847,"Sutterellaceae",0.908058876716328
"S56",56,"HF",1,0.900338983050847,"Others",2.78015326913843
"S57",57,"HF",2,0.915254237288136,"Erysipelotrichaceae",18.2492435527566
"S57",57,"HF",2,0.915254237288136,"Lachnospiraceae",11.31325477507
"S57",57,"HF",2,0.915254237288136,"Atopobiaceae",4.89652093389929
"S57",57,"HF",2,0.915254237288136,"Muribaculaceae",1.55245627004498
"S57",57,"HF",2,0.915254237288136,"Akkermansiaceae",0.789756016777259
"S57",57,"HF",2,0.915254237288136,"Bacteroidaceae",2.54068238173232
"S57",57,"HF",2,0.915254237288136,"Bifidobacteriaceae",3.5450290623699
"S57",57,"HF",2,0.915254237288136,"Clostridiaceae",4.54973833070967
"S57",57,"HF",2,0.915254237288136,"Eubacterium_coprostanoligenes_group",0.083804070883732
"S57",57,"HF",2,0.915254237288136,"Lactobacillaceae",13.3509646352079
"S57",57,"HF",2,0.915254237288136,"Peptococcaceae",4.54591428255659
"S57",57,"HF",2,0.915254237288136,"Peptostreptococcaceae",2.98011890993309
"S57",57,"HF",2,0.915254237288136,"Ruminococcaceae",4.53808765894831
"S57",57,"HF",2,0.915254237288136,"Oscillospiraceae",11.7533237897238
"S57",57,"HF",2,0.915254237288136,"Staphylococcaceae",1.3751360561233
"S57",57,"HF",2,0.915254237288136,"Streptococcaceae",12.3534874270796
"S57",57,"HF",2,0.915254237288136,"Sutterellaceae",0.222997407391352
"S57",57,"HF",2,0.915254237288136,"Others",1.3594844387923
"S58",58,"HF",3,0.930169491525424,"Erysipelotrichaceae",26.3731704749674
"S58",58,"HF",3,0.930169491525424,"Lachnospiraceae",15.767455969251
"S58",58,"HF",3,0.930169491525424,"Atopobiaceae",5.8670473984008
"S58",58,"HF",3,0.930169491525424,"Muribaculaceae",5.22074287551179
"S58",58,"HF",3,0.930169491525424,"Akkermansiaceae",0.557684794465929
"S58",58,"HF",3,0.930169491525424,"Bacteroidaceae",1.30295622087564
"S58",58,"HF",3,0.930169491525424,"Bifidobacteriaceae",0.77695950197086
"S58",58,"HF",3,0.930169491525424,"Clostridiaceae",1.06666984710728
"S58",58,"HF",3,0.930169491525424,"Eubacterium_coprostanoligenes_group",2.39756144477822
"S58",58,"HF",3,0.930169491525424,"Lactobacillaceae",5.30852663451754
"S58",58,"HF",3,0.930169491525424,"Peptococcaceae",0.117398873147526
"S58",58,"HF",3,0.930169491525424,"Peptostreptococcaceae",0.258950783835754
"S58",58,"HF",3,0.930169491525424,"Ruminococcaceae",6.10421431129012
"S58",58,"HF",3,0.930169491525424,"Oscillospiraceae",20.3782286089373
"S58",58,"HF",3,0.930169491525424,"Staphylococcaceae",0.158328756800308
"S58",58,"HF",3,0.930169491525424,"Streptococcaceae",5.86064975772242
"S58",58,"HF",3,0.930169491525424,"Sutterellaceae",0.773333695947232
"S58",58,"HF",3,0.930169491525424,"Others",1.71012005047289
"S59",59,"HF",4,0.945084745762712,"Erysipelotrichaceae",22.3480071238209
"S59",59,"HF",4,0.945084745762712,"Lachnospiraceae",3.2492154556672
"S59",59,"HF",4,0.945084745762712,"Atopobiaceae",10.629165660555
"S59",59,"HF",4,0.945084745762712,"Muribaculaceae",2.04155003653682
"S59",59,"HF",4,0.945084745762712,"Akkermansiaceae",4.12690604662201
"S59",59,"HF",4,0.945084745762712,"Bacteroidaceae",2.32764444067424
"S59",59,"HF",4,0.945084745762712,"Bifidobacteriaceae",8.76403150618697
"S59",59,"HF",4,0.945084745762712,"Clostridiaceae",5.50571959179351
"S59",59,"HF",4,0.945084745762712,"Eubacterium_coprostanoligenes_group",0.824897294751072
"S59",59,"HF",4,0.945084745762712,"Lactobacillaceae",4.01004001102031
"S59",59,"HF",4,0.945084745762712,"Peptococcaceae",0.0221539949351813
"S59",59,"HF",4,0.945084745762712,"Peptostreptococcaceae",0.0929395568330217
"S59",59,"HF",4,0.945084745762712,"Ruminococcaceae",4.12876128692793
"S59",59,"HF",4,0.945084745762712,"Oscillospiraceae",17.6255313971324
"S59",59,"HF",4,0.945084745762712,"Staphylococcaceae",1.58121813768172
"S59",59,"HF",4,0.945084745762712,"Streptococcaceae",8.18287445148108
"S59",59,"HF",4,0.945084745762712,"Sutterellaceae",3.32685721209986
"S59",59,"HF",4,0.945084745762712,"Others",1.21248679528069
"S60",60,"HF",5,0.96,"Erysipelotrichaceae",21.4239789239888
"S60",60,"HF",5,0.96,"Lachnospiraceae",5.53788109320754
"S60",60,"HF",5,0.96,"Atopobiaceae",4.53279756772571
"S60",60,"HF",5,0.96,"Muribaculaceae",1.99408994770313
"S60",60,"HF",5,0.96,"Akkermansiaceae",7.3403551515338
"S60",60,"HF",5,0.96,"Bacteroidaceae",3.33636080300555
"S60",60,"HF",5,0.96,"Bifidobacteriaceae",12.9750379884029
"S60",60,"HF",5,0.96,"Clostridiaceae",1.31257200700652
"S60",60,"HF",5,0.96,"Eubacterium_coprostanoligenes_group",1.07918159418913
"S60",60,"HF",5,0.96,"Lactobacillaceae",5.4947663114177
"S60",60,"HF",5,0.96,"Peptococcaceae",0.940655469952092
"S60",60,"HF",5,0.96,"Peptostreptococcaceae",0.22851429684167
"S60",60,"HF",5,0.96,"Ruminococcaceae",3.88256280635721
"S60",60,"HF",5,0.96,"Oscillospiraceae",13.569836247709
"S60",60,"HF",5,0.96,"Staphylococcaceae",2.96180727391177
"S60",60,"HF",5,0.96,"Streptococcaceae",6.31204150441822
"S60",60,"HF",5,0.96,"Sutterellaceae",1.13230958466548
"S60",60,"HF",5,0.96,"Others",5.94525142796378
