"wavenumber","intensity","temperature"
300,0.39526853816731,"450 <U+00B0>C"
300.7,0.377651057716376,"450 <U+00B0>C"
301.4,0.36936921354919,"450 <U+00B0>C"
302.1,0.360130868016171,"450 <U+00B0>C"
302.8,0.385205223515076,"450 <U+00B0>C"
303.5,0.413731108688829,"450 <U+00B0>C"
304.2,0.378453384604407,"450 <U+00B0>C"
304.9,0.324544189776014,"450 <U+00B0>C"
305.6,0.352662724676049,"450 <U+00B0>C"
306.3,0.394434443489448,"450 <U+00B0>C"
307,0.408599362424349,"450 <U+00B0>C"
307.7,0.4153048523382,"450 <U+00B0>C"
308.4,0.391653503625966,"450 <U+00B0>C"
309.1,0.36908216301617,"450 <U+00B0>C"
309.8,0.379936181880902,"450 <U+00B0>C"
310.5,0.379821544440069,"450 <U+00B0>C"
311.2,0.352707482950076,"450 <U+00B0>C"
311.9,0.423299721156013,"450 <U+00B0>C"
312.6,0.370832553990842,"450 <U+00B0>C"
313.3,0.387760025754203,"450 <U+00B0>C"
314,0.405086080883186,"450 <U+00B0>C"
314.7,0.400490658625997,"450 <U+00B0>C"
315.4,0.350317243719305,"450 <U+00B0>C"
316.1,0.39243284786182,"450 <U+00B0>C"
316.8,0.363059570974195,"450 <U+00B0>C"
317.5,0.324555463014897,"450 <U+00B0>C"
318.2,0.348954877104838,"450 <U+00B0>C"
318.9,0.361938723407723,"450 <U+00B0>C"
319.6,0.35471885475954,"450 <U+00B0>C"
320.3,0.346560051727945,"450 <U+00B0>C"
321,0.377500677254763,"450 <U+00B0>C"
321.7,0.328885927669007,"450 <U+00B0>C"
322.4,0.32559437857956,"450 <U+00B0>C"
323.1,0.384336600969275,"450 <U+00B0>C"
323.8,0.360583644095525,"450 <U+00B0>C"
324.5,0.380861081526111,"450 <U+00B0>C"
325.2,0.375346070039487,"450 <U+00B0>C"
325.9,0.347902568327816,"450 <U+00B0>C"
326.6,0.346191943015907,"450 <U+00B0>C"
327.3,0.348041296304797,"450 <U+00B0>C"
328,0.374262728165446,"450 <U+00B0>C"
328.7,0.366880730719814,"450 <U+00B0>C"
329.4,0.411573342058196,"450 <U+00B0>C"
330.1,0.39086343833207,"450 <U+00B0>C"
330.8,0.378603979478551,"450 <U+00B0>C"
331.5,0.377099522003818,"450 <U+00B0>C"
332.2,0.365658350529285,"450 <U+00B0>C"
332.9,0.319506728368408,"450 <U+00B0>C"
333.6,0.328861414304067,"450 <U+00B0>C"
334.3,0.347651085478238,"450 <U+00B0>C"
335,0.362678456346694,"450 <U+00B0>C"
335.7,0.340781382282906,"450 <U+00B0>C"
336.4,0.401512503961563,"450 <U+00B0>C"
337.1,0.338353203886176,"450 <U+00B0>C"
337.8,0.376803253669537,"450 <U+00B0>C"
338.5,0.300411921313585,"450 <U+00B0>C"
339.2,0.355161050481641,"450 <U+00B0>C"
339.9,0.331623488014226,"450 <U+00B0>C"
340.6,0.356321993566758,"450 <U+00B0>C"
341.3,0.350472237222518,"450 <U+00B0>C"
342,0.394946302336234,"450 <U+00B0>C"
342.7,0.389596467122666,"450 <U+00B0>C"
343.4,0.357040351725108,"450 <U+00B0>C"
344.1,0.397780603420943,"450 <U+00B0>C"
344.8,0.348844005274333,"450 <U+00B0>C"
345.5,0.374803379455065,"450 <U+00B0>C"
346.2,0.360178582171943,"450 <U+00B0>C"
346.9,0.415779291138735,"450 <U+00B0>C"
347.6,0.380783689723039,"450 <U+00B0>C"
348.3,0.373463365723291,"450 <U+00B0>C"
349,0.389821946274937,"450 <U+00B0>C"
349.7,0.403471489096911,"450 <U+00B0>C"
350.4,0.411136622889659,"450 <U+00B0>C"
351.1,0.343439815692781,"450 <U+00B0>C"
351.8,0.338038367465096,"450 <U+00B0>C"
352.5,0.382071365538653,"450 <U+00B0>C"
353.2,0.326428527401336,"450 <U+00B0>C"
353.9,0.402913966405182,"450 <U+00B0>C"
354.6,0.39664622620662,"450 <U+00B0>C"
355.3,0.376912074682165,"450 <U+00B0>C"
356,0.328179537697423,"450 <U+00B0>C"
356.7,0.403098618903729,"450 <U+00B0>C"
357.4,0.36805527663883,"450 <U+00B0>C"
358.1,0.387160340797483,"450 <U+00B0>C"
358.8,0.375141289807586,"450 <U+00B0>C"
359.5,0.430692227109417,"450 <U+00B0>C"
360.2,0.416243118119031,"450 <U+00B0>C"
360.9,0.411827925123307,"450 <U+00B0>C"
361.6,0.377460397991519,"450 <U+00B0>C"
362.3,0.361410012836924,"450 <U+00B0>C"
363,0.386425359739643,"450 <U+00B0>C"
363.7,0.378540113156821,"450 <U+00B0>C"
364.4,0.387934521320314,"450 <U+00B0>C"
365.1,0.379272073908389,"450 <U+00B0>C"
365.8,0.379125332708713,"450 <U+00B0>C"
366.5,0.376466573597557,"450 <U+00B0>C"
367.2,0.352466086263273,"450 <U+00B0>C"
367.9,0.34294561002532,"450 <U+00B0>C"
368.6,0.350910534851274,"450 <U+00B0>C"
369.3,0.361018364360196,"450 <U+00B0>C"
370,0.415843500974163,"450 <U+00B0>C"
370.7,0.442341710748541,"450 <U+00B0>C"
371.4,0.366361323263355,"450 <U+00B0>C"
372.1,0.351624863661528,"450 <U+00B0>C"
372.8,0.374258137766569,"450 <U+00B0>C"
373.5,0.37381996818394,"450 <U+00B0>C"
374.2,0.409414764152546,"450 <U+00B0>C"
374.9,0.345025628649034,"450 <U+00B0>C"
375.6,0.404120291860957,"450 <U+00B0>C"
376.3,0.41881384736289,"450 <U+00B0>C"
377,0.373968969677909,"450 <U+00B0>C"
377.7,0.357993922926113,"450 <U+00B0>C"
378.4,0.395821274980561,"450 <U+00B0>C"
379.1,0.303637283344555,"450 <U+00B0>C"
379.8,0.38861002025976,"450 <U+00B0>C"
380.5,0.416727051773995,"450 <U+00B0>C"
381.2,0.376281670802767,"450 <U+00B0>C"
381.9,0.409467112849297,"450 <U+00B0>C"
382.6,0.371294834925381,"450 <U+00B0>C"
383.3,0.381450493681239,"450 <U+00B0>C"
384,0.381204189036614,"450 <U+00B0>C"
384.7,0.416110179676734,"450 <U+00B0>C"
385.4,0.402964426130431,"450 <U+00B0>C"
386.1,0.396933462142789,"450 <U+00B0>C"
386.8,0.388858066159284,"450 <U+00B0>C"
387.5,0.427394630052891,"450 <U+00B0>C"
388.2,0.396918277300713,"450 <U+00B0>C"
388.9,0.422228939509925,"450 <U+00B0>C"
389.6,0.371079785609045,"450 <U+00B0>C"
390.3,0.373639265562136,"450 <U+00B0>C"
391,0.381014934894805,"450 <U+00B0>C"
391.7,0.381998376671646,"450 <U+00B0>C"
392.4,0.374856235366033,"450 <U+00B0>C"
393.1,0.343948001570126,"450 <U+00B0>C"
393.8,0.377011489149306,"450 <U+00B0>C"
394.5,0.39779687189017,"450 <U+00B0>C"
395.2,0.405578895868526,"450 <U+00B0>C"
395.9,0.390651974503178,"450 <U+00B0>C"
396.6,0.380572769021213,"450 <U+00B0>C"
397.3,0.405226853735381,"450 <U+00B0>C"
398,0.373411216625666,"450 <U+00B0>C"
398.7,0.387108061278326,"450 <U+00B0>C"
399.4,0.408126136823569,"450 <U+00B0>C"
400.1,0.347423560959429,"450 <U+00B0>C"
400.8,0.407805298896859,"450 <U+00B0>C"
401.5,0.381159746858514,"450 <U+00B0>C"
402.2,0.403303641408536,"450 <U+00B0>C"
402.9,0.387868544739379,"450 <U+00B0>C"
403.6,0.367671918626626,"450 <U+00B0>C"
404.3,0.372281640652426,"450 <U+00B0>C"
405,0.368161661108796,"450 <U+00B0>C"
405.7,0.396194462314647,"450 <U+00B0>C"
406.4,0.393459420210409,"450 <U+00B0>C"
407.1,0.37381652832062,"450 <U+00B0>C"
407.8,0.342929050376648,"450 <U+00B0>C"
408.5,0.42026842287943,"450 <U+00B0>C"
409.2,0.380113462869171,"450 <U+00B0>C"
409.9,0.390568607078818,"450 <U+00B0>C"
410.6,0.327380765424391,"450 <U+00B0>C"
411.3,0.367511409767551,"450 <U+00B0>C"
412,0.403823443786332,"450 <U+00B0>C"
412.7,0.37415823493662,"450 <U+00B0>C"
413.4,0.351163702954058,"450 <U+00B0>C"
414.1,0.354270224132051,"450 <U+00B0>C"
414.8,0.428673998658942,"450 <U+00B0>C"
415.5,0.329597013701271,"450 <U+00B0>C"
416.2,0.375125519199867,"450 <U+00B0>C"
416.9,0.427183352809768,"450 <U+00B0>C"
417.6,0.407100781856221,"450 <U+00B0>C"
418.3,0.290523070383924,"450 <U+00B0>C"
419,0.369496515139407,"450 <U+00B0>C"
419.7,0.337133762798481,"450 <U+00B0>C"
420.4,0.384749851231587,"450 <U+00B0>C"
421.1,0.373399095110879,"450 <U+00B0>C"
421.8,0.320093149136455,"450 <U+00B0>C"
422.5,0.39561859857628,"450 <U+00B0>C"
423.2,0.351122814270424,"450 <U+00B0>C"
423.9,0.383958808364955,"450 <U+00B0>C"
424.6,0.333796555541764,"450 <U+00B0>C"
425.3,0.349775306052908,"450 <U+00B0>C"
426,0.359569711500864,"450 <U+00B0>C"
426.7,0.334031253380946,"450 <U+00B0>C"
427.4,0.368936653622756,"450 <U+00B0>C"
428.1,0.329476214045721,"450 <U+00B0>C"
428.8,0.354869569544027,"450 <U+00B0>C"
429.5,0.286659165330884,"450 <U+00B0>C"
430.2,0.282010761402064,"450 <U+00B0>C"
430.9,0.332805593459717,"450 <U+00B0>C"
431.6,0.3334188915989,"450 <U+00B0>C"
432.3,0.277803397427562,"450 <U+00B0>C"
433,0.342470008014166,"450 <U+00B0>C"
433.7,0.388050995198791,"450 <U+00B0>C"
434.4,0.33188094883765,"450 <U+00B0>C"
435.1,0.32433283502836,"450 <U+00B0>C"
435.8,0.350848590515856,"450 <U+00B0>C"
436.5,0.336887694218226,"450 <U+00B0>C"
437.2,0.295067887046322,"450 <U+00B0>C"
437.9,0.340904858203184,"450 <U+00B0>C"
438.6,0.353493576605127,"450 <U+00B0>C"
439.3,0.317971756187847,"450 <U+00B0>C"
440,0.351933942046247,"450 <U+00B0>C"
440.7,0.306832425853045,"450 <U+00B0>C"
441.4,0.308593159719844,"450 <U+00B0>C"
442.1,0.332296547981531,"450 <U+00B0>C"
442.8,0.341556503241008,"450 <U+00B0>C"
443.5,0.274169253368624,"450 <U+00B0>C"
444.2,0.375685330454555,"450 <U+00B0>C"
444.9,0.336759669195711,"450 <U+00B0>C"
445.6,0.328966443449596,"450 <U+00B0>C"
446.3,0.338515375320499,"450 <U+00B0>C"
447,0.337587446103908,"450 <U+00B0>C"
447.7,0.343164998171876,"450 <U+00B0>C"
448.4,0.322367818065387,"450 <U+00B0>C"
449.1,0.296466857441173,"450 <U+00B0>C"
449.8,0.311308426310519,"450 <U+00B0>C"
450.5,0.361067223319132,"450 <U+00B0>C"
451.2,0.331393408982321,"450 <U+00B0>C"
451.9,0.343107449437659,"450 <U+00B0>C"
452.6,0.329494353099136,"450 <U+00B0>C"
453.3,0.370773922094966,"450 <U+00B0>C"
454,0.334160835526606,"450 <U+00B0>C"
454.7,0.369421556360119,"450 <U+00B0>C"
455.4,0.325259370790793,"450 <U+00B0>C"
456.1,0.337205130236149,"450 <U+00B0>C"
456.8,0.32684531662053,"450 <U+00B0>C"
457.5,0.315508929664931,"450 <U+00B0>C"
458.2,0.351610761281363,"450 <U+00B0>C"
458.9,0.35292233755831,"450 <U+00B0>C"
459.6,0.347662510654291,"450 <U+00B0>C"
460.3,0.320534355751374,"450 <U+00B0>C"
461,0.320198014358217,"450 <U+00B0>C"
461.7,0.35041439142135,"450 <U+00B0>C"
462.4,0.343028661989089,"450 <U+00B0>C"
463.1,0.312811639541376,"450 <U+00B0>C"
463.8,0.369505960803076,"450 <U+00B0>C"
464.5,0.307725504682693,"450 <U+00B0>C"
465.2,0.36380738328467,"450 <U+00B0>C"
465.9,0.359308601566381,"450 <U+00B0>C"
466.6,0.325395697545461,"450 <U+00B0>C"
467.3,0.36106374248204,"450 <U+00B0>C"
468,0.355251718509018,"450 <U+00B0>C"
468.7,0.357842155546497,"450 <U+00B0>C"
469.4,0.301574208119891,"450 <U+00B0>C"
470.1,0.328456160400171,"450 <U+00B0>C"
470.8,0.286328759319381,"450 <U+00B0>C"
471.5,0.351724776984469,"450 <U+00B0>C"
472.2,0.378850944082108,"450 <U+00B0>C"
472.9,0.311268145727767,"450 <U+00B0>C"
473.6,0.355352741702542,"450 <U+00B0>C"
474.3,0.343631809413931,"450 <U+00B0>C"
475,0.387331495107382,"450 <U+00B0>C"
475.7,0.342615642261016,"450 <U+00B0>C"
476.4,0.357328338042449,"450 <U+00B0>C"
477.1,0.323547670957286,"450 <U+00B0>C"
477.8,0.332715356000868,"450 <U+00B0>C"
478.5,0.373773839176397,"450 <U+00B0>C"
479.2,0.380730731257587,"450 <U+00B0>C"
479.9,0.334994166775516,"450 <U+00B0>C"
480.6,0.36028015821026,"450 <U+00B0>C"
481.3,0.348624914661404,"450 <U+00B0>C"
482,0.395355585956672,"450 <U+00B0>C"
482.7,0.393411380207892,"450 <U+00B0>C"
483.4,0.339799016117102,"450 <U+00B0>C"
484.1,0.366649168661154,"450 <U+00B0>C"
484.8,0.368145475117349,"450 <U+00B0>C"
485.5,0.340016265117798,"450 <U+00B0>C"
486.2,0.350541476227782,"450 <U+00B0>C"
486.9,0.352828282000832,"450 <U+00B0>C"
487.6,0.366869686154261,"450 <U+00B0>C"
488.3,0.401666416764723,"450 <U+00B0>C"
489,0.34849433928266,"450 <U+00B0>C"
489.7,0.318834395599204,"450 <U+00B0>C"
490.4,0.332002974010331,"450 <U+00B0>C"
491.1,0.324995384861843,"450 <U+00B0>C"
491.8,0.335014926013614,"450 <U+00B0>C"
492.5,0.350342165532811,"450 <U+00B0>C"
493.2,0.335461300808172,"450 <U+00B0>C"
493.9,0.319195105124613,"450 <U+00B0>C"
494.6,0.370929434306347,"450 <U+00B0>C"
495.3,0.368994142950781,"450 <U+00B0>C"
496,0.34463593397395,"450 <U+00B0>C"
496.7,0.376661425090149,"450 <U+00B0>C"
497.4,0.39091977779004,"450 <U+00B0>C"
498.1,0.345931408434906,"450 <U+00B0>C"
498.8,0.345752989085856,"450 <U+00B0>C"
499.5,0.272908905582593,"450 <U+00B0>C"
500.2,0.397445834267078,"450 <U+00B0>C"
500.9,0.393326197849107,"450 <U+00B0>C"
501.6,0.34655105104902,"450 <U+00B0>C"
502.3,0.370483670985484,"450 <U+00B0>C"
503,0.321473415343198,"450 <U+00B0>C"
503.7,0.328909962967754,"450 <U+00B0>C"
504.4,0.374838702890295,"450 <U+00B0>C"
505.1,0.389007493116949,"450 <U+00B0>C"
505.8,0.348178074479367,"450 <U+00B0>C"
506.5,0.341090541841065,"450 <U+00B0>C"
507.2,0.385954140973677,"450 <U+00B0>C"
507.9,0.372431315459018,"450 <U+00B0>C"
508.6,0.391829986501932,"450 <U+00B0>C"
509.3,0.327312593303637,"450 <U+00B0>C"
510,0.359754202871469,"450 <U+00B0>C"
510.7,0.345395449983362,"450 <U+00B0>C"
511.4,0.290490264706619,"450 <U+00B0>C"
512.1,0.348332804487379,"450 <U+00B0>C"
512.8,0.361060438583211,"450 <U+00B0>C"
513.5,0.394057018970594,"450 <U+00B0>C"
514.2,0.393716133137253,"450 <U+00B0>C"
514.9,0.358010077154201,"450 <U+00B0>C"
515.6,0.332545888415524,"450 <U+00B0>C"
516.3,0.349244027471299,"450 <U+00B0>C"
517,0.33436159032991,"450 <U+00B0>C"
517.7,0.375181469616413,"450 <U+00B0>C"
518.4,0.317660623689189,"450 <U+00B0>C"
519.1,0.330241831979449,"450 <U+00B0>C"
519.8,0.375933175661634,"450 <U+00B0>C"
520.5,0.413396190326936,"450 <U+00B0>C"
521.2,0.308089866400528,"450 <U+00B0>C"
521.9,0.34235100510083,"450 <U+00B0>C"
522.6,0.313798021394449,"450 <U+00B0>C"
523.3,0.392219116605401,"450 <U+00B0>C"
524,0.312662025967911,"450 <U+00B0>C"
524.7,0.365256167084934,"450 <U+00B0>C"
525.4,0.345519979266009,"450 <U+00B0>C"
526.1,0.362400479162491,"450 <U+00B0>C"
526.8,0.355859099113289,"450 <U+00B0>C"
527.5,0.317190149233385,"450 <U+00B0>C"
528.2,0.343471336921556,"450 <U+00B0>C"
528.9,0.327004805815695,"450 <U+00B0>C"
529.6,0.361093531197618,"450 <U+00B0>C"
530.3,0.425775347336542,"450 <U+00B0>C"
531,0.375927276298638,"450 <U+00B0>C"
531.7,0.336693951783452,"450 <U+00B0>C"
532.4,0.4137457105137,"450 <U+00B0>C"
533.1,0.381189107326281,"450 <U+00B0>C"
533.8,0.373020296532919,"450 <U+00B0>C"
534.5,0.359495560710968,"450 <U+00B0>C"
535.2,0.343233288052223,"450 <U+00B0>C"
535.9,0.359168854496414,"450 <U+00B0>C"
536.6,0.360393149589406,"450 <U+00B0>C"
537.3,0.391027148434486,"450 <U+00B0>C"
538,0.346505256578202,"450 <U+00B0>C"
538.7,0.313848992861852,"450 <U+00B0>C"
539.4,0.347710773598807,"450 <U+00B0>C"
540.1,0.365419817807426,"450 <U+00B0>C"
540.8,0.381820411457523,"450 <U+00B0>C"
541.5,0.403314354867037,"450 <U+00B0>C"
542.2,0.380752317424837,"450 <U+00B0>C"
542.9,0.437122619202863,"450 <U+00B0>C"
543.6,0.393548954966242,"450 <U+00B0>C"
544.3,0.416779884508029,"450 <U+00B0>C"
545,0.396277573174879,"450 <U+00B0>C"
545.7,0.391427685506725,"450 <U+00B0>C"
546.4,0.369992423546126,"450 <U+00B0>C"
547.1,0.363915844437922,"450 <U+00B0>C"
547.8,0.388340294395841,"450 <U+00B0>C"
548.5,0.423406892448295,"450 <U+00B0>C"
549.2,0.394831315106898,"450 <U+00B0>C"
549.9,0.455830499485214,"450 <U+00B0>C"
550.6,0.366469296212703,"450 <U+00B0>C"
551.3,0.436177060879064,"450 <U+00B0>C"
552,0.359507320994634,"450 <U+00B0>C"
552.7,0.452817242412936,"450 <U+00B0>C"
553.4,0.412738649984235,"450 <U+00B0>C"
554.1,0.371713155241188,"450 <U+00B0>C"
554.8,0.407998943859906,"450 <U+00B0>C"
555.5,0.431071234442911,"450 <U+00B0>C"
556.2,0.409996486627453,"450 <U+00B0>C"
556.9,0.362563036939819,"450 <U+00B0>C"
557.6,0.389099337620977,"450 <U+00B0>C"
558.3,0.409746499584141,"450 <U+00B0>C"
559,0.401585426040418,"450 <U+00B0>C"
559.7,0.400067072401915,"450 <U+00B0>C"
560.4,0.454087222015298,"450 <U+00B0>C"
561.1,0.480786107345482,"450 <U+00B0>C"
561.8,0.381168421415289,"450 <U+00B0>C"
562.5,0.440234026077645,"450 <U+00B0>C"
563.2,0.413279525949907,"450 <U+00B0>C"
563.9,0.393576890007803,"450 <U+00B0>C"
564.6,0.42487095205095,"450 <U+00B0>C"
565.3,0.414722884892717,"450 <U+00B0>C"
566,0.40226306168691,"450 <U+00B0>C"
566.7,0.45779677117951,"450 <U+00B0>C"
567.4,0.469862904291352,"450 <U+00B0>C"
568.1,0.404374384653407,"450 <U+00B0>C"
568.8,0.410748552149923,"450 <U+00B0>C"
569.5,0.385972135860319,"450 <U+00B0>C"
570.2,0.379591484101601,"450 <U+00B0>C"
570.9,0.411832864598068,"450 <U+00B0>C"
571.6,0.440538998037422,"450 <U+00B0>C"
572.3,0.393065657945464,"450 <U+00B0>C"
573,0.417965473526638,"450 <U+00B0>C"
573.7,0.369135470758817,"450 <U+00B0>C"
574.4,0.466602602595046,"450 <U+00B0>C"
575.1,0.443311638253112,"450 <U+00B0>C"
575.8,0.457709134785765,"450 <U+00B0>C"
576.5,0.352959185047741,"450 <U+00B0>C"
577.2,0.379809868143719,"450 <U+00B0>C"
577.9,0.409126069764935,"450 <U+00B0>C"
578.6,0.400661597906541,"450 <U+00B0>C"
579.3,0.436725219533545,"450 <U+00B0>C"
580,0.411107166668993,"450 <U+00B0>C"
580.7,0.394296721669911,"450 <U+00B0>C"
581.4,0.423459558929358,"450 <U+00B0>C"
582.1,0.433138724146831,"450 <U+00B0>C"
582.8,0.427630304503836,"450 <U+00B0>C"
583.5,0.41756243736451,"450 <U+00B0>C"
584.2,0.430016145504138,"450 <U+00B0>C"
584.9,0.404941230125152,"450 <U+00B0>C"
585.6,0.440948301292918,"450 <U+00B0>C"
586.3,0.40654943964039,"450 <U+00B0>C"
587,0.406828554198584,"450 <U+00B0>C"
587.7,0.35652987371169,"450 <U+00B0>C"
588.4,0.386677229181238,"450 <U+00B0>C"
589.1,0.417945415923797,"450 <U+00B0>C"
589.8,0.364218660996251,"450 <U+00B0>C"
590.5,0.385788247284352,"450 <U+00B0>C"
591.2,0.407369043922044,"450 <U+00B0>C"
591.9,0.410951418825839,"450 <U+00B0>C"
592.6,0.363207014459654,"450 <U+00B0>C"
593.3,0.397230985777015,"450 <U+00B0>C"
594,0.372930923097946,"450 <U+00B0>C"
594.7,0.390048299294514,"450 <U+00B0>C"
595.4,0.399814404817828,"450 <U+00B0>C"
596.1,0.360230455351387,"450 <U+00B0>C"
596.8,0.367299382074499,"450 <U+00B0>C"
597.5,0.3492180986292,"450 <U+00B0>C"
598.2,0.38036657325224,"450 <U+00B0>C"
598.9,0.325082559141988,"450 <U+00B0>C"
599.6,0.398230300627417,"450 <U+00B0>C"
600.3,0.358925744166117,"450 <U+00B0>C"
601,0.334825767457994,"450 <U+00B0>C"
601.7,0.351580469089051,"450 <U+00B0>C"
602.4,0.32346480204694,"450 <U+00B0>C"
603.1,0.372311991175332,"450 <U+00B0>C"
603.8,0.394487540528048,"450 <U+00B0>C"
604.5,0.302369262991491,"450 <U+00B0>C"
605.2,0.367315309061607,"450 <U+00B0>C"
605.9,0.388511566514167,"450 <U+00B0>C"
606.6,0.390240376601731,"450 <U+00B0>C"
607.3,0.382914029693453,"450 <U+00B0>C"
608,0.363678341582366,"450 <U+00B0>C"
608.7,0.37798142321222,"450 <U+00B0>C"
609.4,0.383301473081547,"450 <U+00B0>C"
610.1,0.382506029892502,"450 <U+00B0>C"
610.8,0.358496800610019,"450 <U+00B0>C"
611.5,0.378185466610885,"450 <U+00B0>C"
612.2,0.341444040552319,"450 <U+00B0>C"
612.9,0.375297554458887,"450 <U+00B0>C"
613.6,0.374172598895826,"450 <U+00B0>C"
614.3,0.342802716507335,"450 <U+00B0>C"
615,0.361967573707463,"450 <U+00B0>C"
615.7,0.40186065439724,"450 <U+00B0>C"
616.4,0.335007175424669,"450 <U+00B0>C"
617.1,0.376754329382753,"450 <U+00B0>C"
617.8,0.331048507460095,"450 <U+00B0>C"
618.5,0.362778116356992,"450 <U+00B0>C"
619.2,0.386734676651498,"450 <U+00B0>C"
619.9,0.36967422359142,"450 <U+00B0>C"
620.6,0.361881432232948,"450 <U+00B0>C"
621.3,0.358937983882487,"450 <U+00B0>C"
622,0.358112643686974,"450 <U+00B0>C"
622.7,0.337880531628093,"450 <U+00B0>C"
623.4,0.365920614944204,"450 <U+00B0>C"
624.1,0.360254985753735,"450 <U+00B0>C"
624.8,0.354576134688484,"450 <U+00B0>C"
625.5,0.360880961192858,"450 <U+00B0>C"
626.2,0.327456585565426,"450 <U+00B0>C"
626.9,0.382953492993522,"450 <U+00B0>C"
627.6,0.381251747042478,"450 <U+00B0>C"
628.3,0.415892167379516,"450 <U+00B0>C"
629,0.359960365177294,"450 <U+00B0>C"
629.7,0.317039303594497,"450 <U+00B0>C"
630.4,0.348736835663915,"450 <U+00B0>C"
631.1,0.359521828206611,"450 <U+00B0>C"
631.8,0.325641534764198,"450 <U+00B0>C"
632.5,0.381153332338544,"450 <U+00B0>C"
633.2,0.365752732918747,"450 <U+00B0>C"
633.9,0.332844567119539,"450 <U+00B0>C"
634.6,0.382617035338894,"450 <U+00B0>C"
635.3,0.347420740050128,"450 <U+00B0>C"
636,0.307416863807332,"450 <U+00B0>C"
636.7,0.398843812006044,"450 <U+00B0>C"
637.4,0.352843653029656,"450 <U+00B0>C"
638.1,0.352101250252267,"450 <U+00B0>C"
638.8,0.325085633415951,"450 <U+00B0>C"
639.5,0.375426427829226,"450 <U+00B0>C"
640.2,0.307010821680366,"450 <U+00B0>C"
640.9,0.342748079407666,"450 <U+00B0>C"
641.6,0.337119707630123,"450 <U+00B0>C"
642.3,0.354334879318066,"450 <U+00B0>C"
643,0.357557044446411,"450 <U+00B0>C"
643.7,0.353888609701891,"450 <U+00B0>C"
644.4,0.313796439206877,"450 <U+00B0>C"
645.1,0.38384359099611,"450 <U+00B0>C"
645.8,0.373020043856642,"450 <U+00B0>C"
646.5,0.353024392367337,"450 <U+00B0>C"
647.2,0.394263196613479,"450 <U+00B0>C"
647.9,0.34909135418369,"450 <U+00B0>C"
648.6,0.358380052350193,"450 <U+00B0>C"
649.3,0.347211996359326,"450 <U+00B0>C"
650,0.402443082274064,"450 <U+00B0>C"
650.7,0.352126919780841,"450 <U+00B0>C"
651.4,0.347564390135971,"450 <U+00B0>C"
652.1,0.352576357300863,"450 <U+00B0>C"
652.8,0.408596115477606,"450 <U+00B0>C"
653.5,0.386657445064002,"450 <U+00B0>C"
654.2,0.403277859573085,"450 <U+00B0>C"
654.9,0.380076377248426,"450 <U+00B0>C"
655.6,0.353379023472603,"450 <U+00B0>C"
656.3,0.35300590915639,"450 <U+00B0>C"
657,0.354033334220325,"450 <U+00B0>C"
657.7,0.360532207473599,"450 <U+00B0>C"
658.4,0.374636900109519,"450 <U+00B0>C"
659.1,0.344002109406303,"450 <U+00B0>C"
659.8,0.389329389852853,"450 <U+00B0>C"
660.5,0.383048251104462,"450 <U+00B0>C"
661.2,0.364251296959183,"450 <U+00B0>C"
661.9,0.361109289158762,"450 <U+00B0>C"
662.6,0.376637623208887,"450 <U+00B0>C"
663.3,0.335538013738508,"450 <U+00B0>C"
664,0.365590968755853,"450 <U+00B0>C"
664.7,0.310028776288028,"450 <U+00B0>C"
665.4,0.350853686974898,"450 <U+00B0>C"
666.1,0.319224024783843,"450 <U+00B0>C"
666.8,0.344689029155016,"450 <U+00B0>C"
667.5,0.302273379129887,"450 <U+00B0>C"
668.2,0.363939222814016,"450 <U+00B0>C"
668.9,0.386891234204379,"450 <U+00B0>C"
669.6,0.314549953112339,"450 <U+00B0>C"
670.3,0.349834789123244,"450 <U+00B0>C"
671,0.399209445092776,"450 <U+00B0>C"
671.7,0.362104741793031,"450 <U+00B0>C"
672.4,0.379059432866974,"450 <U+00B0>C"
673.1,0.306481903042409,"450 <U+00B0>C"
673.8,0.344848959404946,"450 <U+00B0>C"
674.5,0.342997823458538,"450 <U+00B0>C"
675.2,0.376794360918818,"450 <U+00B0>C"
675.9,0.316776048417252,"450 <U+00B0>C"
676.6,0.33846111220677,"450 <U+00B0>C"
677.3,0.325027735334705,"450 <U+00B0>C"
678,0.374668896851232,"450 <U+00B0>C"
678.7,0.368354230160617,"450 <U+00B0>C"
679.4,0.346681972854962,"450 <U+00B0>C"
680.1,0.323367868906073,"450 <U+00B0>C"
680.8,0.31626457906563,"450 <U+00B0>C"
681.5,0.360865897970195,"450 <U+00B0>C"
682.2,0.336134302700123,"450 <U+00B0>C"
682.9,0.389377369341102,"450 <U+00B0>C"
683.6,0.334429518613662,"450 <U+00B0>C"
684.3,0.33033394820103,"450 <U+00B0>C"
685,0.275107026292286,"450 <U+00B0>C"
685.7,0.334736977306644,"450 <U+00B0>C"
686.4,0.370886080444475,"450 <U+00B0>C"
687.1,0.300200303915607,"450 <U+00B0>C"
687.8,0.324698737693055,"450 <U+00B0>C"
688.5,0.280274578858534,"450 <U+00B0>C"
689.2,0.317489401237024,"450 <U+00B0>C"
689.9,0.282449815839112,"450 <U+00B0>C"
690.6,0.300698295385376,"450 <U+00B0>C"
691.3,0.342051034749674,"450 <U+00B0>C"
692,0.34858168094587,"450 <U+00B0>C"
692.7,0.373799766876781,"450 <U+00B0>C"
693.4,0.352355619520765,"450 <U+00B0>C"
694.1,0.311130768370539,"450 <U+00B0>C"
694.8,0.31998101260585,"450 <U+00B0>C"
695.5,0.342655616489164,"450 <U+00B0>C"
696.2,0.309589858268424,"450 <U+00B0>C"
696.9,0.346247292352582,"450 <U+00B0>C"
697.6,0.33048274788128,"450 <U+00B0>C"
698.3,0.346848642089892,"450 <U+00B0>C"
699,0.371325581159857,"450 <U+00B0>C"
699.7,0.290573252938994,"450 <U+00B0>C"
700.4,0.327241865883871,"450 <U+00B0>C"
701.1,0.345424002649648,"450 <U+00B0>C"
701.8,0.320540253215824,"450 <U+00B0>C"
702.5,0.349821057160035,"450 <U+00B0>C"
703.2,0.280025992605698,"450 <U+00B0>C"
703.9,0.314953528709822,"450 <U+00B0>C"
704.6,0.364498908017208,"450 <U+00B0>C"
705.3,0.401880471439862,"450 <U+00B0>C"
706,0.383277818114784,"450 <U+00B0>C"
706.7,0.323463805993855,"450 <U+00B0>C"
707.4,0.309610871910659,"450 <U+00B0>C"
708.1,0.354848615072871,"450 <U+00B0>C"
708.8,0.326284496461893,"450 <U+00B0>C"
709.5,0.342446546266274,"450 <U+00B0>C"
710.2,0.331022036290337,"450 <U+00B0>C"
710.9,0.300821563257745,"450 <U+00B0>C"
711.6,0.379918632802657,"450 <U+00B0>C"
712.3,0.360933337018197,"450 <U+00B0>C"
713,0.377942990459353,"450 <U+00B0>C"
713.7,0.376404018735912,"450 <U+00B0>C"
714.4,0.354623852106533,"450 <U+00B0>C"
715.1,0.372982668880171,"450 <U+00B0>C"
715.8,0.354857958762632,"450 <U+00B0>C"
716.5,0.402211664490525,"450 <U+00B0>C"
717.2,0.429376738299762,"450 <U+00B0>C"
717.9,0.319224389879771,"450 <U+00B0>C"
718.6,0.391004507146276,"450 <U+00B0>C"
719.3,0.379060252667097,"450 <U+00B0>C"
720,0.406912932630415,"450 <U+00B0>C"
720.7,0.378840731465564,"450 <U+00B0>C"
721.4,0.404876316220852,"450 <U+00B0>C"
722.1,0.378258037882957,"450 <U+00B0>C"
722.8,0.361047333933633,"450 <U+00B0>C"
723.5,0.387850619338656,"450 <U+00B0>C"
724.2,0.370856076600451,"450 <U+00B0>C"
724.9,0.423491849530078,"450 <U+00B0>C"
725.6,0.362810866498017,"450 <U+00B0>C"
726.3,0.405917515209325,"450 <U+00B0>C"
727,0.378844422224995,"450 <U+00B0>C"
727.7,0.419220032149039,"450 <U+00B0>C"
728.4,0.378781634852729,"450 <U+00B0>C"
729.1,0.401872576644146,"450 <U+00B0>C"
729.8,0.40548283868061,"450 <U+00B0>C"
730.5,0.400958825924982,"450 <U+00B0>C"
731.2,0.363692737531965,"450 <U+00B0>C"
731.9,0.355060746611351,"450 <U+00B0>C"
732.6,0.387699815114532,"450 <U+00B0>C"
733.3,0.389699760000105,"450 <U+00B0>C"
734,0.41741743972683,"450 <U+00B0>C"
734.7,0.377642736910238,"450 <U+00B0>C"
735.4,0.426732314578993,"450 <U+00B0>C"
736.1,0.369744076751072,"450 <U+00B0>C"
736.8,0.40093769462221,"450 <U+00B0>C"
737.5,0.381561054461688,"450 <U+00B0>C"
738.2,0.383497252243812,"450 <U+00B0>C"
738.9,0.441998635659328,"450 <U+00B0>C"
739.6,0.404425762845836,"450 <U+00B0>C"
740.3,0.362768064953649,"450 <U+00B0>C"
741,0.38427231616539,"450 <U+00B0>C"
741.7,0.381349470598307,"450 <U+00B0>C"
742.4,0.337553968677902,"450 <U+00B0>C"
743.1,0.422829250869972,"450 <U+00B0>C"
743.8,0.41761335640235,"450 <U+00B0>C"
744.5,0.403084946168319,"450 <U+00B0>C"
745.2,0.363111195585533,"450 <U+00B0>C"
745.9,0.39807081835851,"450 <U+00B0>C"
746.6,0.396895163136593,"450 <U+00B0>C"
747.3,0.396102806364423,"450 <U+00B0>C"
748,0.42115954595389,"450 <U+00B0>C"
748.7,0.38239864076171,"450 <U+00B0>C"
749.4,0.40483068724581,"450 <U+00B0>C"
750.1,0.432502153514415,"450 <U+00B0>C"
750.8,0.448259358449887,"450 <U+00B0>C"
751.5,0.414046879744423,"450 <U+00B0>C"
752.2,0.435776700162258,"450 <U+00B0>C"
752.9,0.392392439426511,"450 <U+00B0>C"
753.6,0.365800091216765,"450 <U+00B0>C"
754.3,0.407513364333879,"450 <U+00B0>C"
755,0.413031722276941,"450 <U+00B0>C"
755.7,0.370536289020582,"450 <U+00B0>C"
756.4,0.411190709211828,"450 <U+00B0>C"
757.1,0.351796334948231,"450 <U+00B0>C"
757.8,0.38662709415053,"450 <U+00B0>C"
758.5,0.4004632806892,"450 <U+00B0>C"
759.2,0.364883674223916,"450 <U+00B0>C"
759.9,0.411657783196965,"450 <U+00B0>C"
760.6,0.355575771316225,"450 <U+00B0>C"
761.3,0.371865299520159,"450 <U+00B0>C"
762,0.39184774054383,"450 <U+00B0>C"
762.7,0.423276086702991,"450 <U+00B0>C"
763.4,0.392218311584892,"450 <U+00B0>C"
764.1,0.384261313888707,"450 <U+00B0>C"
764.8,0.40653952324984,"450 <U+00B0>C"
765.5,0.417806026080261,"450 <U+00B0>C"
766.2,0.40326725936228,"450 <U+00B0>C"
766.9,0.362154339814919,"450 <U+00B0>C"
767.6,0.37027962619897,"450 <U+00B0>C"
768.3,0.399706933554982,"450 <U+00B0>C"
769,0.379847194927917,"450 <U+00B0>C"
769.7,0.3991477423329,"450 <U+00B0>C"
770.4,0.427058889457271,"450 <U+00B0>C"
771.1,0.405331802805076,"450 <U+00B0>C"
771.8,0.379622663783934,"450 <U+00B0>C"
772.5,0.357678165385694,"450 <U+00B0>C"
773.2,0.369327038314217,"450 <U+00B0>C"
773.9,0.344651738772398,"450 <U+00B0>C"
774.6,0.354930976182861,"450 <U+00B0>C"
775.3,0.373283275334141,"450 <U+00B0>C"
776,0.352209533137642,"450 <U+00B0>C"
776.7,0.381004947205106,"450 <U+00B0>C"
777.4,0.377857531301847,"450 <U+00B0>C"
778.1,0.377610404343688,"450 <U+00B0>C"
778.8,0.409041460178286,"450 <U+00B0>C"
779.5,0.348760068957692,"450 <U+00B0>C"
780.2,0.368117894907976,"450 <U+00B0>C"
780.9,0.378488773902882,"450 <U+00B0>C"
781.6,0.332526608214214,"450 <U+00B0>C"
782.3,0.334406007232769,"450 <U+00B0>C"
783,0.366442610149295,"450 <U+00B0>C"
783.7,0.390872171644514,"450 <U+00B0>C"
784.4,0.382740244712763,"450 <U+00B0>C"
785.1,0.386384539112404,"450 <U+00B0>C"
785.8,0.426942629758069,"450 <U+00B0>C"
786.5,0.383271080579528,"450 <U+00B0>C"
787.2,0.35245944647679,"450 <U+00B0>C"
787.9,0.371185432258817,"450 <U+00B0>C"
788.6,0.402481454562857,"450 <U+00B0>C"
789.3,0.351729480765424,"450 <U+00B0>C"
790,0.412580003685222,"450 <U+00B0>C"
790.7,0.382268858615112,"450 <U+00B0>C"
791.4,0.377590353913429,"450 <U+00B0>C"
792.1,0.382967914907596,"450 <U+00B0>C"
792.8,0.374720836435007,"450 <U+00B0>C"
793.5,0.344978543164855,"450 <U+00B0>C"
794.2,0.403088100322816,"450 <U+00B0>C"
794.9,0.345067507427952,"450 <U+00B0>C"
795.6,0.4034659629476,"450 <U+00B0>C"
796.3,0.391808334589884,"450 <U+00B0>C"
797,0.344968465055005,"450 <U+00B0>C"
797.7,0.399315561228393,"450 <U+00B0>C"
798.4,0.376821455164027,"450 <U+00B0>C"
799.1,0.389390328670741,"450 <U+00B0>C"
799.8,0.42577814810304,"450 <U+00B0>C"
800.5,0.378776738081264,"450 <U+00B0>C"
801.2,0.400353039671652,"450 <U+00B0>C"
801.9,0.388857171193892,"450 <U+00B0>C"
802.6,0.3803404168967,"450 <U+00B0>C"
803.3,0.41154719190576,"450 <U+00B0>C"
804,0.37960687298734,"450 <U+00B0>C"
804.7,0.402774584820267,"450 <U+00B0>C"
805.4,0.408281053177798,"450 <U+00B0>C"
806.1,0.377009698596059,"450 <U+00B0>C"
806.8,0.361193116615783,"450 <U+00B0>C"
807.5,0.386790710707715,"450 <U+00B0>C"
808.2,0.400060602208137,"450 <U+00B0>C"
808.9,0.370950236178778,"450 <U+00B0>C"
809.6,0.398086610451579,"450 <U+00B0>C"
810.3,0.414986614951637,"450 <U+00B0>C"
811,0.383328585942245,"450 <U+00B0>C"
811.7,0.362994358619484,"450 <U+00B0>C"
812.4,0.356141613286127,"450 <U+00B0>C"
813.1,0.439409563017684,"450 <U+00B0>C"
813.8,0.386245374977797,"450 <U+00B0>C"
814.5,0.41617540206189,"450 <U+00B0>C"
815.2,0.352460384430857,"450 <U+00B0>C"
815.9,0.406379269530393,"450 <U+00B0>C"
816.6,0.351890843277349,"450 <U+00B0>C"
817.3,0.383627932855495,"450 <U+00B0>C"
818,0.41670221248633,"450 <U+00B0>C"
818.7,0.390549364825115,"450 <U+00B0>C"
819.4,0.372444641747285,"450 <U+00B0>C"
820.1,0.387594917151197,"450 <U+00B0>C"
820.8,0.396447579478392,"450 <U+00B0>C"
821.5,0.402594384344702,"450 <U+00B0>C"
822.2,0.36206153820332,"450 <U+00B0>C"
822.9,0.375746733228838,"450 <U+00B0>C"
823.6,0.412251293723492,"450 <U+00B0>C"
824.3,0.414291453937089,"450 <U+00B0>C"
825,0.427803206424766,"450 <U+00B0>C"
825.7,0.408259740680369,"450 <U+00B0>C"
826.4,0.369138597517814,"450 <U+00B0>C"
827.1,0.375732898118077,"450 <U+00B0>C"
827.8,0.396777387480006,"450 <U+00B0>C"
828.5,0.411700362530883,"450 <U+00B0>C"
829.2,0.367865124549111,"450 <U+00B0>C"
829.9,0.371799281549025,"450 <U+00B0>C"
830.6,0.382917975745844,"450 <U+00B0>C"
831.3,0.399012228655009,"450 <U+00B0>C"
832,0.379360525369805,"450 <U+00B0>C"
832.7,0.393272950888612,"450 <U+00B0>C"
833.4,0.371659957880418,"450 <U+00B0>C"
834.1,0.390854893815091,"450 <U+00B0>C"
834.8,0.369397465181422,"450 <U+00B0>C"
835.5,0.411254177389537,"450 <U+00B0>C"
836.2,0.3417261043715,"450 <U+00B0>C"
836.9,0.40329997998411,"450 <U+00B0>C"
837.6,0.357757940017126,"450 <U+00B0>C"
838.3,0.400124095060733,"450 <U+00B0>C"
839,0.370720322410161,"450 <U+00B0>C"
839.7,0.417734903038075,"450 <U+00B0>C"
840.4,0.37335939766671,"450 <U+00B0>C"
841.1,0.35755944947399,"450 <U+00B0>C"
841.8,0.380155435479684,"450 <U+00B0>C"
842.5,0.415139976033201,"450 <U+00B0>C"
843.2,0.372523323444714,"450 <U+00B0>C"
843.9,0.40576729477845,"450 <U+00B0>C"
844.6,0.387515539558229,"450 <U+00B0>C"
845.3,0.381727598228857,"450 <U+00B0>C"
846,0.353938513519826,"450 <U+00B0>C"
846.7,0.367616780460202,"450 <U+00B0>C"
847.4,0.354667825240748,"450 <U+00B0>C"
848.1,0.353889121443358,"450 <U+00B0>C"
848.8,0.37965090376904,"450 <U+00B0>C"
849.5,0.332822913372364,"450 <U+00B0>C"
300,1.29283210777316,"525 <U+00B0>C"
300.7,1.31075675448607,"525 <U+00B0>C"
301.4,1.32458275285798,"525 <U+00B0>C"
302.1,1.31863806578525,"525 <U+00B0>C"
302.8,1.27414855269685,"525 <U+00B0>C"
303.5,1.30001646175814,"525 <U+00B0>C"
304.2,1.33444637193521,"525 <U+00B0>C"
304.9,1.34234634222693,"525 <U+00B0>C"
305.6,1.30431509833193,"525 <U+00B0>C"
306.3,1.31457347499728,"525 <U+00B0>C"
307,1.3084213738095,"525 <U+00B0>C"
307.7,1.33920784706291,"525 <U+00B0>C"
308.4,1.35747023558687,"525 <U+00B0>C"
309.1,1.28123078887626,"525 <U+00B0>C"
309.8,1.35222161992685,"525 <U+00B0>C"
310.5,1.31782190213974,"525 <U+00B0>C"
311.2,1.30442221529234,"525 <U+00B0>C"
311.9,1.31538076172678,"525 <U+00B0>C"
312.6,1.29128779459964,"525 <U+00B0>C"
313.3,1.31188351374401,"525 <U+00B0>C"
314,1.32643652216559,"525 <U+00B0>C"
314.7,1.26056412779129,"525 <U+00B0>C"
315.4,1.30866655973295,"525 <U+00B0>C"
316.1,1.34445730877838,"525 <U+00B0>C"
316.8,1.3346219910911,"525 <U+00B0>C"
317.5,1.30823431098252,"525 <U+00B0>C"
318.2,1.27302793957522,"525 <U+00B0>C"
318.9,1.3432997064966,"525 <U+00B0>C"
319.6,1.30684905873099,"525 <U+00B0>C"
320.3,1.33976521860611,"525 <U+00B0>C"
321,1.3270903153786,"525 <U+00B0>C"
321.7,1.32728193905229,"525 <U+00B0>C"
322.4,1.31828577841066,"525 <U+00B0>C"
323.1,1.33006447838856,"525 <U+00B0>C"
323.8,1.30329295561966,"525 <U+00B0>C"
324.5,1.2945428904857,"525 <U+00B0>C"
325.2,1.28469180421804,"525 <U+00B0>C"
325.9,1.26502746687036,"525 <U+00B0>C"
326.6,1.34144830643622,"525 <U+00B0>C"
327.3,1.3023065621464,"525 <U+00B0>C"
328,1.33338640488045,"525 <U+00B0>C"
328.7,1.34329028575732,"525 <U+00B0>C"
329.4,1.300792084428,"525 <U+00B0>C"
330.1,1.30379102658579,"525 <U+00B0>C"
330.8,1.36228954697193,"525 <U+00B0>C"
331.5,1.30831809634643,"525 <U+00B0>C"
332.2,1.31770886006385,"525 <U+00B0>C"
332.9,1.32808244532142,"525 <U+00B0>C"
333.6,1.3304487747615,"525 <U+00B0>C"
334.3,1.34460246869379,"525 <U+00B0>C"
335,1.3464872489029,"525 <U+00B0>C"
335.7,1.32648756201247,"525 <U+00B0>C"
336.4,1.27187105833907,"525 <U+00B0>C"
337.1,1.31948464880755,"525 <U+00B0>C"
337.8,1.32332602659613,"525 <U+00B0>C"
338.5,1.29749969892459,"525 <U+00B0>C"
339.2,1.30771867568266,"525 <U+00B0>C"
339.9,1.34002537097993,"525 <U+00B0>C"
340.6,1.31285769232118,"525 <U+00B0>C"
341.3,1.2847950866744,"525 <U+00B0>C"
342,1.29256045834975,"525 <U+00B0>C"
342.7,1.31932037730003,"525 <U+00B0>C"
343.4,1.299386395512,"525 <U+00B0>C"
344.1,1.329158680726,"525 <U+00B0>C"
344.8,1.31882099725463,"525 <U+00B0>C"
345.5,1.31110849854015,"525 <U+00B0>C"
346.2,1.34983510954343,"525 <U+00B0>C"
346.9,1.32810797021126,"525 <U+00B0>C"
347.6,1.31364994108538,"525 <U+00B0>C"
348.3,1.28090458113578,"525 <U+00B0>C"
349,1.31472953241634,"525 <U+00B0>C"
349.7,1.33125181076244,"525 <U+00B0>C"
350.4,1.32561304198559,"525 <U+00B0>C"
351.1,1.31174009447217,"525 <U+00B0>C"
351.8,1.27493223160697,"525 <U+00B0>C"
352.5,1.31523356445951,"525 <U+00B0>C"
353.2,1.31562524496957,"525 <U+00B0>C"
353.9,1.30669825355375,"525 <U+00B0>C"
354.6,1.31931850818834,"525 <U+00B0>C"
355.3,1.27116707484754,"525 <U+00B0>C"
356,1.34141310805839,"525 <U+00B0>C"
356.7,1.31996012074478,"525 <U+00B0>C"
357.4,1.35857326570874,"525 <U+00B0>C"
358.1,1.34315655969017,"525 <U+00B0>C"
358.8,1.28409573576683,"525 <U+00B0>C"
359.5,1.36891314532078,"525 <U+00B0>C"
360.2,1.39941164243708,"525 <U+00B0>C"
360.9,1.32448670855738,"525 <U+00B0>C"
361.6,1.34681393448643,"525 <U+00B0>C"
362.3,1.32226955573731,"525 <U+00B0>C"
363,1.34821839000073,"525 <U+00B0>C"
363.7,1.28539656536965,"525 <U+00B0>C"
364.4,1.3708169914718,"525 <U+00B0>C"
365.1,1.35389299045114,"525 <U+00B0>C"
365.8,1.32596292732413,"525 <U+00B0>C"
366.5,1.30287978554357,"525 <U+00B0>C"
367.2,1.28460780979354,"525 <U+00B0>C"
367.9,1.32618831479494,"525 <U+00B0>C"
368.6,1.29507379875382,"525 <U+00B0>C"
369.3,1.34673799628067,"525 <U+00B0>C"
370,1.34965888157264,"525 <U+00B0>C"
370.7,1.3323907979935,"525 <U+00B0>C"
371.4,1.3181303220932,"525 <U+00B0>C"
372.1,1.34773413577331,"525 <U+00B0>C"
372.8,1.29778356112,"525 <U+00B0>C"
373.5,1.31233914180474,"525 <U+00B0>C"
374.2,1.317638859331,"525 <U+00B0>C"
374.9,1.34161147647763,"525 <U+00B0>C"
375.6,1.33727003846623,"525 <U+00B0>C"
376.3,1.36692620422408,"525 <U+00B0>C"
377,1.33817886622984,"525 <U+00B0>C"
377.7,1.33968157641377,"525 <U+00B0>C"
378.4,1.30945577130926,"525 <U+00B0>C"
379.1,1.37408125564035,"525 <U+00B0>C"
379.8,1.29340475895133,"525 <U+00B0>C"
380.5,1.35271158120222,"525 <U+00B0>C"
381.2,1.31227327112944,"525 <U+00B0>C"
381.9,1.35374499535862,"525 <U+00B0>C"
382.6,1.34276447702708,"525 <U+00B0>C"
383.3,1.31740453933265,"525 <U+00B0>C"
384,1.32825423706722,"525 <U+00B0>C"
384.7,1.33089161694243,"525 <U+00B0>C"
385.4,1.30741353823127,"525 <U+00B0>C"
386.1,1.30387184015594,"525 <U+00B0>C"
386.8,1.31541848809185,"525 <U+00B0>C"
387.5,1.30777492641775,"525 <U+00B0>C"
388.2,1.31995435528538,"525 <U+00B0>C"
388.9,1.37053477658482,"525 <U+00B0>C"
389.6,1.3005261668829,"525 <U+00B0>C"
390.3,1.36774543254995,"525 <U+00B0>C"
391,1.33447160936024,"525 <U+00B0>C"
391.7,1.36365745068742,"525 <U+00B0>C"
392.4,1.34998196648862,"525 <U+00B0>C"
393.1,1.33327718554558,"525 <U+00B0>C"
393.8,1.38094646812042,"525 <U+00B0>C"
394.5,1.35511710783783,"525 <U+00B0>C"
395.2,1.35820445808332,"525 <U+00B0>C"
395.9,1.360836777038,"525 <U+00B0>C"
396.6,1.363871296358,"525 <U+00B0>C"
397.3,1.35837620096014,"525 <U+00B0>C"
398,1.36465795579478,"525 <U+00B0>C"
398.7,1.30272596158786,"525 <U+00B0>C"
399.4,1.38449059189595,"525 <U+00B0>C"
400.1,1.35020732467598,"525 <U+00B0>C"
400.8,1.36251611779421,"525 <U+00B0>C"
401.5,1.3638416638708,"525 <U+00B0>C"
402.2,1.38204663021108,"525 <U+00B0>C"
402.9,1.39888372764706,"525 <U+00B0>C"
403.6,1.36937396593796,"525 <U+00B0>C"
404.3,1.40058328329305,"525 <U+00B0>C"
405,1.41733990079112,"525 <U+00B0>C"
405.7,1.440698495708,"525 <U+00B0>C"
406.4,1.4172004723329,"525 <U+00B0>C"
407.1,1.43603215178779,"525 <U+00B0>C"
407.8,1.4318088395369,"525 <U+00B0>C"
408.5,1.45005942661547,"525 <U+00B0>C"
409.2,1.44752658205778,"525 <U+00B0>C"
409.9,1.47606997932998,"525 <U+00B0>C"
410.6,1.44926737390885,"525 <U+00B0>C"
411.3,1.4935334009534,"525 <U+00B0>C"
412,1.46763384263972,"525 <U+00B0>C"
412.7,1.50392138677809,"525 <U+00B0>C"
413.4,1.50621948084928,"525 <U+00B0>C"
414.1,1.51156544877208,"525 <U+00B0>C"
414.8,1.51043443005288,"525 <U+00B0>C"
415.5,1.44950775850394,"525 <U+00B0>C"
416.2,1.51987787012616,"525 <U+00B0>C"
416.9,1.53762075165276,"525 <U+00B0>C"
417.6,1.5628307104001,"525 <U+00B0>C"
418.3,1.5370568804259,"525 <U+00B0>C"
419,1.55725923909013,"525 <U+00B0>C"
419.7,1.55594712084783,"525 <U+00B0>C"
420.4,1.54111358310313,"525 <U+00B0>C"
421.1,1.55701919578282,"525 <U+00B0>C"
421.8,1.52197055788724,"525 <U+00B0>C"
422.5,1.52980613964756,"525 <U+00B0>C"
423.2,1.4646952414531,"525 <U+00B0>C"
423.9,1.52578612437107,"525 <U+00B0>C"
424.6,1.52019287630422,"525 <U+00B0>C"
425.3,1.52630145157944,"525 <U+00B0>C"
426,1.48870251519299,"525 <U+00B0>C"
426.7,1.47769201348696,"525 <U+00B0>C"
427.4,1.45781763345529,"525 <U+00B0>C"
428.1,1.47123436616224,"525 <U+00B0>C"
428.8,1.47091687538088,"525 <U+00B0>C"
429.5,1.42966830337527,"525 <U+00B0>C"
430.2,1.45810126686924,"525 <U+00B0>C"
430.9,1.43236680453368,"525 <U+00B0>C"
431.6,1.43334966458434,"525 <U+00B0>C"
432.3,1.42165950212902,"525 <U+00B0>C"
433,1.4217541943742,"525 <U+00B0>C"
433.7,1.38173418758443,"525 <U+00B0>C"
434.4,1.42012650167344,"525 <U+00B0>C"
435.1,1.40516038871007,"525 <U+00B0>C"
435.8,1.38692179874325,"525 <U+00B0>C"
436.5,1.35528812435932,"525 <U+00B0>C"
437.2,1.34978532235844,"525 <U+00B0>C"
437.9,1.31812622886452,"525 <U+00B0>C"
438.6,1.36608937247686,"525 <U+00B0>C"
439.3,1.31441854929146,"525 <U+00B0>C"
440,1.3266387107748,"525 <U+00B0>C"
440.7,1.30856506618432,"525 <U+00B0>C"
441.4,1.2919116243045,"525 <U+00B0>C"
442.1,1.30928453986934,"525 <U+00B0>C"
442.8,1.30290385585936,"525 <U+00B0>C"
443.5,1.34178748120898,"525 <U+00B0>C"
444.2,1.28088535554213,"525 <U+00B0>C"
444.9,1.26953287173166,"525 <U+00B0>C"
445.6,1.29422584935419,"525 <U+00B0>C"
446.3,1.31005457262011,"525 <U+00B0>C"
447,1.30524902782451,"525 <U+00B0>C"
447.7,1.28992812180823,"525 <U+00B0>C"
448.4,1.27285729340574,"525 <U+00B0>C"
449.1,1.30489854183194,"525 <U+00B0>C"
449.8,1.29984153749737,"525 <U+00B0>C"
450.5,1.26818294296508,"525 <U+00B0>C"
451.2,1.27846689397355,"525 <U+00B0>C"
451.9,1.31609200066293,"525 <U+00B0>C"
452.6,1.27025630236684,"525 <U+00B0>C"
453.3,1.27224929489848,"525 <U+00B0>C"
454,1.21442569385068,"525 <U+00B0>C"
454.7,1.31829783207203,"525 <U+00B0>C"
455.4,1.26596884495862,"525 <U+00B0>C"
456.1,1.27757178692044,"525 <U+00B0>C"
456.8,1.29033539041485,"525 <U+00B0>C"
457.5,1.2601948584776,"525 <U+00B0>C"
458.2,1.26790034573653,"525 <U+00B0>C"
458.9,1.27012364971001,"525 <U+00B0>C"
459.6,1.27337335025226,"525 <U+00B0>C"
460.3,1.27413203447454,"525 <U+00B0>C"
461,1.24911150955866,"525 <U+00B0>C"
461.7,1.29904481999496,"525 <U+00B0>C"
462.4,1.30952532017892,"525 <U+00B0>C"
463.1,1.31927372125432,"525 <U+00B0>C"
463.8,1.25486662495161,"525 <U+00B0>C"
464.5,1.33169164469836,"525 <U+00B0>C"
465.2,1.27749925551977,"525 <U+00B0>C"
465.9,1.29859582482879,"525 <U+00B0>C"
466.6,1.27575982347691,"525 <U+00B0>C"
467.3,1.31776571334302,"525 <U+00B0>C"
468,1.27477219871568,"525 <U+00B0>C"
468.7,1.26908099558018,"525 <U+00B0>C"
469.4,1.27993685337743,"525 <U+00B0>C"
470.1,1.24684544859563,"525 <U+00B0>C"
470.8,1.30134662199377,"525 <U+00B0>C"
471.5,1.27273164835501,"525 <U+00B0>C"
472.2,1.2963210356783,"525 <U+00B0>C"
472.9,1.2874741668093,"525 <U+00B0>C"
473.6,1.32788663504529,"525 <U+00B0>C"
474.3,1.29280151698338,"525 <U+00B0>C"
475,1.24780849164494,"525 <U+00B0>C"
475.7,1.28034282722731,"525 <U+00B0>C"
476.4,1.30203238153416,"525 <U+00B0>C"
477.1,1.3193433362059,"525 <U+00B0>C"
477.8,1.3089400856993,"525 <U+00B0>C"
478.5,1.2807292856766,"525 <U+00B0>C"
479.2,1.29643726400525,"525 <U+00B0>C"
479.9,1.24443719417943,"525 <U+00B0>C"
480.6,1.33550627504139,"525 <U+00B0>C"
481.3,1.34029623915878,"525 <U+00B0>C"
482,1.29467880505263,"525 <U+00B0>C"
482.7,1.2579626643488,"525 <U+00B0>C"
483.4,1.27940094213584,"525 <U+00B0>C"
484.1,1.35234111557758,"525 <U+00B0>C"
484.8,1.26641343989811,"525 <U+00B0>C"
485.5,1.27434538961721,"525 <U+00B0>C"
486.2,1.26006107152088,"525 <U+00B0>C"
486.9,1.28266101503945,"525 <U+00B0>C"
487.6,1.30357157772235,"525 <U+00B0>C"
488.3,1.27980633584246,"525 <U+00B0>C"
489,1.32257785647474,"525 <U+00B0>C"
489.7,1.28839962956067,"525 <U+00B0>C"
490.4,1.26742000146335,"525 <U+00B0>C"
491.1,1.30775619689151,"525 <U+00B0>C"
491.8,1.31354823318464,"525 <U+00B0>C"
492.5,1.27985353433516,"525 <U+00B0>C"
493.2,1.30876731222584,"525 <U+00B0>C"
493.9,1.31438504959311,"525 <U+00B0>C"
494.6,1.28900194104222,"525 <U+00B0>C"
495.3,1.31114277867068,"525 <U+00B0>C"
496,1.30629225589379,"525 <U+00B0>C"
496.7,1.2831938676548,"525 <U+00B0>C"
497.4,1.26709549720831,"525 <U+00B0>C"
498.1,1.27461014844321,"525 <U+00B0>C"
498.8,1.25128254153973,"525 <U+00B0>C"
499.5,1.2699251891346,"525 <U+00B0>C"
500.2,1.31836705248109,"525 <U+00B0>C"
500.9,1.30019764130244,"525 <U+00B0>C"
501.6,1.26888285171244,"525 <U+00B0>C"
502.3,1.29826437499004,"525 <U+00B0>C"
503,1.25970820476881,"525 <U+00B0>C"
503.7,1.2756092336555,"525 <U+00B0>C"
504.4,1.26534058647761,"525 <U+00B0>C"
505.1,1.31864284750763,"525 <U+00B0>C"
505.8,1.27569990982067,"525 <U+00B0>C"
506.5,1.2664123218135,"525 <U+00B0>C"
507.2,1.28705898184937,"525 <U+00B0>C"
507.9,1.27061746455714,"525 <U+00B0>C"
508.6,1.29135303132469,"525 <U+00B0>C"
509.3,1.30892702921191,"525 <U+00B0>C"
510,1.277854776851,"525 <U+00B0>C"
510.7,1.29443248976093,"525 <U+00B0>C"
511.4,1.28999085733392,"525 <U+00B0>C"
512.1,1.22126202128594,"525 <U+00B0>C"
512.8,1.32129976386134,"525 <U+00B0>C"
513.5,1.26339818254972,"525 <U+00B0>C"
514.2,1.29072949227269,"525 <U+00B0>C"
514.9,1.29805935106522,"525 <U+00B0>C"
515.6,1.29330250067411,"525 <U+00B0>C"
516.3,1.29999242000129,"525 <U+00B0>C"
517,1.26707307408018,"525 <U+00B0>C"
517.7,1.28020397707988,"525 <U+00B0>C"
518.4,1.3104090852265,"525 <U+00B0>C"
519.1,1.28394828511505,"525 <U+00B0>C"
519.8,1.31388713739401,"525 <U+00B0>C"
520.5,1.28242831064267,"525 <U+00B0>C"
521.2,1.2612054570206,"525 <U+00B0>C"
521.9,1.29943198486959,"525 <U+00B0>C"
522.6,1.32637049804274,"525 <U+00B0>C"
523.3,1.29136166687191,"525 <U+00B0>C"
524,1.26480843632844,"525 <U+00B0>C"
524.7,1.28859994427696,"525 <U+00B0>C"
525.4,1.28696997435578,"525 <U+00B0>C"
526.1,1.25095517174359,"525 <U+00B0>C"
526.8,1.28275065798106,"525 <U+00B0>C"
527.5,1.33072373630993,"525 <U+00B0>C"
528.2,1.30379801826224,"525 <U+00B0>C"
528.9,1.33233119604003,"525 <U+00B0>C"
529.6,1.31379889954821,"525 <U+00B0>C"
530.3,1.3252568607614,"525 <U+00B0>C"
531,1.30160207498204,"525 <U+00B0>C"
531.7,1.28219147506029,"525 <U+00B0>C"
532.4,1.31190295820895,"525 <U+00B0>C"
533.1,1.28248178403089,"525 <U+00B0>C"
533.8,1.31743987794938,"525 <U+00B0>C"
534.5,1.29122265581544,"525 <U+00B0>C"
535.2,1.3491128131518,"525 <U+00B0>C"
535.9,1.32630459084885,"525 <U+00B0>C"
536.6,1.36330781318307,"525 <U+00B0>C"
537.3,1.30976335686585,"525 <U+00B0>C"
538,1.31601934635171,"525 <U+00B0>C"
538.7,1.35303494221119,"525 <U+00B0>C"
539.4,1.33711772562331,"525 <U+00B0>C"
540.1,1.34091692964597,"525 <U+00B0>C"
540.8,1.38893656356603,"525 <U+00B0>C"
541.5,1.37383769362163,"525 <U+00B0>C"
542.2,1.32727002446308,"525 <U+00B0>C"
542.9,1.31100807182408,"525 <U+00B0>C"
543.6,1.3587491932802,"525 <U+00B0>C"
544.3,1.35315599310475,"525 <U+00B0>C"
545,1.39849298706622,"525 <U+00B0>C"
545.7,1.34919381828967,"525 <U+00B0>C"
546.4,1.39856817748368,"525 <U+00B0>C"
547.1,1.36979707019762,"525 <U+00B0>C"
547.8,1.3548348419442,"525 <U+00B0>C"
548.5,1.36716648570846,"525 <U+00B0>C"
549.2,1.37551085354796,"525 <U+00B0>C"
549.9,1.37267404723862,"525 <U+00B0>C"
550.6,1.36436647490259,"525 <U+00B0>C"
551.3,1.37126655548066,"525 <U+00B0>C"
552,1.39510857736376,"525 <U+00B0>C"
552.7,1.35989783283163,"525 <U+00B0>C"
553.4,1.38605449122465,"525 <U+00B0>C"
554.1,1.3966164408571,"525 <U+00B0>C"
554.8,1.3725371635012,"525 <U+00B0>C"
555.5,1.42887951394977,"525 <U+00B0>C"
556.2,1.37615217823964,"525 <U+00B0>C"
556.9,1.43365363257898,"525 <U+00B0>C"
557.6,1.39422458736321,"525 <U+00B0>C"
558.3,1.36732867261239,"525 <U+00B0>C"
559,1.39986169502455,"525 <U+00B0>C"
559.7,1.40232332096838,"525 <U+00B0>C"
560.4,1.43719433241547,"525 <U+00B0>C"
561.1,1.43706614695881,"525 <U+00B0>C"
561.8,1.40699865153155,"525 <U+00B0>C"
562.5,1.41825145691668,"525 <U+00B0>C"
563.2,1.42696743943319,"525 <U+00B0>C"
563.9,1.45279549767674,"525 <U+00B0>C"
564.6,1.40348688015098,"525 <U+00B0>C"
565.3,1.48051219984212,"525 <U+00B0>C"
566,1.45692513719652,"525 <U+00B0>C"
566.7,1.40380624415094,"525 <U+00B0>C"
567.4,1.42208726117136,"525 <U+00B0>C"
568.1,1.44176808186104,"525 <U+00B0>C"
568.8,1.4111038919005,"525 <U+00B0>C"
569.5,1.41085369691335,"525 <U+00B0>C"
570.2,1.5183957236242,"525 <U+00B0>C"
570.9,1.45753830918557,"525 <U+00B0>C"
571.6,1.44573966979868,"525 <U+00B0>C"
572.3,1.43816281126276,"525 <U+00B0>C"
573,1.42137061231983,"525 <U+00B0>C"
573.7,1.40416677492245,"525 <U+00B0>C"
574.4,1.37423052994944,"525 <U+00B0>C"
575.1,1.45483652958248,"525 <U+00B0>C"
575.8,1.41163179006802,"525 <U+00B0>C"
576.5,1.42316972354012,"525 <U+00B0>C"
577.2,1.41149537256384,"525 <U+00B0>C"
577.9,1.42107703775761,"525 <U+00B0>C"
578.6,1.45068443358002,"525 <U+00B0>C"
579.3,1.41042642028951,"525 <U+00B0>C"
580,1.4348144297811,"525 <U+00B0>C"
580.7,1.39070038830567,"525 <U+00B0>C"
581.4,1.3769825420803,"525 <U+00B0>C"
582.1,1.45416215296718,"525 <U+00B0>C"
582.8,1.4262112123191,"525 <U+00B0>C"
583.5,1.40400360448405,"525 <U+00B0>C"
584.2,1.45473009388388,"525 <U+00B0>C"
584.9,1.38357313798694,"525 <U+00B0>C"
585.6,1.39929814210664,"525 <U+00B0>C"
586.3,1.38797024504671,"525 <U+00B0>C"
587,1.35042547301679,"525 <U+00B0>C"
587.7,1.3797723122864,"525 <U+00B0>C"
588.4,1.43730206134742,"525 <U+00B0>C"
589.1,1.41207393037803,"525 <U+00B0>C"
589.8,1.38607543805336,"525 <U+00B0>C"
590.5,1.39920623391515,"525 <U+00B0>C"
591.2,1.37815645693461,"525 <U+00B0>C"
591.9,1.40400009365538,"525 <U+00B0>C"
592.6,1.37315595592091,"525 <U+00B0>C"
593.3,1.37493638249332,"525 <U+00B0>C"
594,1.38061719675629,"525 <U+00B0>C"
594.7,1.37293678362158,"525 <U+00B0>C"
595.4,1.34856763482394,"525 <U+00B0>C"
596.1,1.42795305724028,"525 <U+00B0>C"
596.8,1.37305631522468,"525 <U+00B0>C"
597.5,1.39968771471641,"525 <U+00B0>C"
598.2,1.33028372785657,"525 <U+00B0>C"
598.9,1.376770599418,"525 <U+00B0>C"
599.6,1.4106035930019,"525 <U+00B0>C"
600.3,1.36770980164103,"525 <U+00B0>C"
601,1.38354409229803,"525 <U+00B0>C"
601.7,1.34854114857105,"525 <U+00B0>C"
602.4,1.33452408992297,"525 <U+00B0>C"
603.1,1.34000130248258,"525 <U+00B0>C"
603.8,1.34128153078585,"525 <U+00B0>C"
604.5,1.33810572178938,"525 <U+00B0>C"
605.2,1.35274945230928,"525 <U+00B0>C"
605.9,1.31916107345503,"525 <U+00B0>C"
606.6,1.32824598134169,"525 <U+00B0>C"
607.3,1.32676242037055,"525 <U+00B0>C"
608,1.32583888903055,"525 <U+00B0>C"
608.7,1.33879424593371,"525 <U+00B0>C"
609.4,1.34967079983471,"525 <U+00B0>C"
610.1,1.3053185994899,"525 <U+00B0>C"
610.8,1.36976387045433,"525 <U+00B0>C"
611.5,1.34359546798742,"525 <U+00B0>C"
612.2,1.33053639508794,"525 <U+00B0>C"
612.9,1.34711209022491,"525 <U+00B0>C"
613.6,1.34239232149247,"525 <U+00B0>C"
614.3,1.30021751058157,"525 <U+00B0>C"
615,1.29829542506205,"525 <U+00B0>C"
615.7,1.3014144626616,"525 <U+00B0>C"
616.4,1.32955589196509,"525 <U+00B0>C"
617.1,1.32751292355406,"525 <U+00B0>C"
617.8,1.31909583946174,"525 <U+00B0>C"
618.5,1.28467263258096,"525 <U+00B0>C"
619.2,1.36995049190714,"525 <U+00B0>C"
619.9,1.31110172829765,"525 <U+00B0>C"
620.6,1.36086662928351,"525 <U+00B0>C"
621.3,1.28948256870947,"525 <U+00B0>C"
622,1.30918129312013,"525 <U+00B0>C"
622.7,1.30120959456393,"525 <U+00B0>C"
623.4,1.30659330147653,"525 <U+00B0>C"
624.1,1.29700452652805,"525 <U+00B0>C"
624.8,1.28478395224598,"525 <U+00B0>C"
625.5,1.29783614971995,"525 <U+00B0>C"
626.2,1.28747248636451,"525 <U+00B0>C"
626.9,1.30101252160323,"525 <U+00B0>C"
627.6,1.32608917223299,"525 <U+00B0>C"
628.3,1.28760236593834,"525 <U+00B0>C"
629,1.34249765405986,"525 <U+00B0>C"
629.7,1.29706006682826,"525 <U+00B0>C"
630.4,1.26986240902359,"525 <U+00B0>C"
631.1,1.31006187179943,"525 <U+00B0>C"
631.8,1.31298494441954,"525 <U+00B0>C"
632.5,1.3247748418813,"525 <U+00B0>C"
633.2,1.31712671694434,"525 <U+00B0>C"
633.9,1.28888836656496,"525 <U+00B0>C"
634.6,1.35866608392827,"525 <U+00B0>C"
635.3,1.30494099125999,"525 <U+00B0>C"
636,1.28957412420475,"525 <U+00B0>C"
636.7,1.34027750968896,"525 <U+00B0>C"
637.4,1.32537036389784,"525 <U+00B0>C"
638.1,1.34801168402298,"525 <U+00B0>C"
638.8,1.26430995159404,"525 <U+00B0>C"
639.5,1.2944973955714,"525 <U+00B0>C"
640.2,1.28610406960012,"525 <U+00B0>C"
640.9,1.33451987263286,"525 <U+00B0>C"
641.6,1.27330581955898,"525 <U+00B0>C"
642.3,1.30953633948365,"525 <U+00B0>C"
643,1.31310605125241,"525 <U+00B0>C"
643.7,1.275677147836,"525 <U+00B0>C"
644.4,1.28865582381147,"525 <U+00B0>C"
645.1,1.30228605100405,"525 <U+00B0>C"
645.8,1.26368701981426,"525 <U+00B0>C"
646.5,1.32671955565555,"525 <U+00B0>C"
647.2,1.28998848094004,"525 <U+00B0>C"
647.9,1.26925636183864,"525 <U+00B0>C"
648.6,1.29092405628033,"525 <U+00B0>C"
649.3,1.27540752496425,"525 <U+00B0>C"
650,1.29750688641446,"525 <U+00B0>C"
650.7,1.31653853583201,"525 <U+00B0>C"
651.4,1.31997737279701,"525 <U+00B0>C"
652.1,1.2803073167335,"525 <U+00B0>C"
652.8,1.30065638004909,"525 <U+00B0>C"
653.5,1.25509261053051,"525 <U+00B0>C"
654.2,1.31242511828955,"525 <U+00B0>C"
654.9,1.29652747130505,"525 <U+00B0>C"
655.6,1.32745008805598,"525 <U+00B0>C"
656.3,1.28107015968515,"525 <U+00B0>C"
657,1.2693333625838,"525 <U+00B0>C"
657.7,1.32150731774999,"525 <U+00B0>C"
658.4,1.31372748692953,"525 <U+00B0>C"
659.1,1.26390708021909,"525 <U+00B0>C"
659.8,1.28372883880341,"525 <U+00B0>C"
660.5,1.31077451549459,"525 <U+00B0>C"
661.2,1.27148198332909,"525 <U+00B0>C"
661.9,1.29150480203205,"525 <U+00B0>C"
662.6,1.30830722707369,"525 <U+00B0>C"
663.3,1.29156058200315,"525 <U+00B0>C"
664,1.2967052787104,"525 <U+00B0>C"
664.7,1.24312623929448,"525 <U+00B0>C"
665.4,1.2807337849346,"525 <U+00B0>C"
666.1,1.29027676420316,"525 <U+00B0>C"
666.8,1.30848232496081,"525 <U+00B0>C"
667.5,1.30969392922944,"525 <U+00B0>C"
668.2,1.27548721679342,"525 <U+00B0>C"
668.9,1.29295283561431,"525 <U+00B0>C"
669.6,1.30310810957661,"525 <U+00B0>C"
670.3,1.28036836640855,"525 <U+00B0>C"
671,1.27870148267602,"525 <U+00B0>C"
671.7,1.29827754684583,"525 <U+00B0>C"
672.4,1.24770709585205,"525 <U+00B0>C"
673.1,1.29732198610429,"525 <U+00B0>C"
673.8,1.26852633033917,"525 <U+00B0>C"
674.5,1.2767444062946,"525 <U+00B0>C"
675.2,1.30751551174425,"525 <U+00B0>C"
675.9,1.26051302347418,"525 <U+00B0>C"
676.6,1.28312799697881,"525 <U+00B0>C"
677.3,1.34868587094903,"525 <U+00B0>C"
678,1.28525491734557,"525 <U+00B0>C"
678.7,1.28286489282889,"525 <U+00B0>C"
679.4,1.30838322371534,"525 <U+00B0>C"
680.1,1.28221982000683,"525 <U+00B0>C"
680.8,1.32119749647843,"525 <U+00B0>C"
681.5,1.23263678582742,"525 <U+00B0>C"
682.2,1.34714371755196,"525 <U+00B0>C"
682.9,1.28778830888293,"525 <U+00B0>C"
683.6,1.26707963818893,"525 <U+00B0>C"
684.3,1.34452387225096,"525 <U+00B0>C"
685,1.33571036401994,"525 <U+00B0>C"
685.7,1.27784319515506,"525 <U+00B0>C"
686.4,1.33213175332515,"525 <U+00B0>C"
687.1,1.31131182142869,"525 <U+00B0>C"
687.8,1.29415378531838,"525 <U+00B0>C"
688.5,1.29856713475244,"525 <U+00B0>C"
689.2,1.32717759980346,"525 <U+00B0>C"
689.9,1.3449250238661,"525 <U+00B0>C"
690.6,1.32571173233716,"525 <U+00B0>C"
691.3,1.30636443255929,"525 <U+00B0>C"
692,1.34608729885431,"525 <U+00B0>C"
692.7,1.34821434322614,"525 <U+00B0>C"
693.4,1.3636649271734,"525 <U+00B0>C"
694.1,1.40697464509334,"525 <U+00B0>C"
694.8,1.39249812485088,"525 <U+00B0>C"
695.5,1.41247157778404,"525 <U+00B0>C"
696.2,1.41563995094935,"525 <U+00B0>C"
696.9,1.41942870583115,"525 <U+00B0>C"
697.6,1.4287722988864,"525 <U+00B0>C"
698.3,1.41305329528672,"525 <U+00B0>C"
699,1.44759705370253,"525 <U+00B0>C"
699.7,1.4855491954098,"525 <U+00B0>C"
700.4,1.4655014551453,"525 <U+00B0>C"
701.1,1.47732720530593,"525 <U+00B0>C"
701.8,1.53912060100846,"525 <U+00B0>C"
702.5,1.47746755420997,"525 <U+00B0>C"
703.2,1.51791592714869,"525 <U+00B0>C"
703.9,1.5315821324678,"525 <U+00B0>C"
704.6,1.56972643016064,"525 <U+00B0>C"
705.3,1.58137389457,"525 <U+00B0>C"
706,1.53685696156867,"525 <U+00B0>C"
706.7,1.57579980148927,"525 <U+00B0>C"
707.4,1.67800332051063,"525 <U+00B0>C"
708.1,1.66313020085318,"525 <U+00B0>C"
708.8,1.68567891017627,"525 <U+00B0>C"
709.5,1.68774639552556,"525 <U+00B0>C"
710.2,1.72017702435898,"525 <U+00B0>C"
710.9,1.68050935976893,"525 <U+00B0>C"
711.6,1.74901929078097,"525 <U+00B0>C"
712.3,1.72488280617686,"525 <U+00B0>C"
713,1.75186328597422,"525 <U+00B0>C"
713.7,1.77711198218165,"525 <U+00B0>C"
714.4,1.81387862168641,"525 <U+00B0>C"
715.1,1.83663867128574,"525 <U+00B0>C"
715.8,1.87189838755103,"525 <U+00B0>C"
716.5,1.88895314959168,"525 <U+00B0>C"
717.2,1.89364921902883,"525 <U+00B0>C"
717.9,1.9045980795398,"525 <U+00B0>C"
718.6,1.92876965832295,"525 <U+00B0>C"
719.3,1.93165903151948,"525 <U+00B0>C"
720,1.97350112067472,"525 <U+00B0>C"
720.7,1.96667768765741,"525 <U+00B0>C"
721.4,1.9797002793253,"525 <U+00B0>C"
722.1,1.9768940097444,"525 <U+00B0>C"
722.8,2.02869061189752,"525 <U+00B0>C"
723.5,2.02030613421072,"525 <U+00B0>C"
724.2,2.01184234739419,"525 <U+00B0>C"
724.9,2.00287325033756,"525 <U+00B0>C"
725.6,1.98401236691091,"525 <U+00B0>C"
726.3,2.04055567502553,"525 <U+00B0>C"
727,2.06379075463683,"525 <U+00B0>C"
727.7,2.03028853637217,"525 <U+00B0>C"
728.4,2.05372976855139,"525 <U+00B0>C"
729.1,2.07726165211586,"525 <U+00B0>C"
729.8,2.05822311726421,"525 <U+00B0>C"
730.5,2.0422022413871,"525 <U+00B0>C"
731.2,2.07874608625734,"525 <U+00B0>C"
731.9,2.03420600202061,"525 <U+00B0>C"
732.6,2.0589284845022,"525 <U+00B0>C"
733.3,2.05844333482648,"525 <U+00B0>C"
734,2.06249876072733,"525 <U+00B0>C"
734.7,2.00415880312064,"525 <U+00B0>C"
735.4,2.05448251127103,"525 <U+00B0>C"
736.1,2.01597992970342,"525 <U+00B0>C"
736.8,2.05563498618905,"525 <U+00B0>C"
737.5,2.02283215308921,"525 <U+00B0>C"
738.2,2.01487867897948,"525 <U+00B0>C"
738.9,2.01419880409621,"525 <U+00B0>C"
739.6,1.90722725826467,"525 <U+00B0>C"
740.3,2.0237227430019,"525 <U+00B0>C"
741,1.93807309636741,"525 <U+00B0>C"
741.7,1.94769607512312,"525 <U+00B0>C"
742.4,1.8985256154894,"525 <U+00B0>C"
743.1,1.90588250753325,"525 <U+00B0>C"
743.8,1.88047678013505,"525 <U+00B0>C"
744.5,1.84104967657957,"525 <U+00B0>C"
745.2,1.87657687310927,"525 <U+00B0>C"
745.9,1.83397026622916,"525 <U+00B0>C"
746.6,1.85350783964176,"525 <U+00B0>C"
747.3,1.81905685871659,"525 <U+00B0>C"
748,1.82983228027774,"525 <U+00B0>C"
748.7,1.80868685727491,"525 <U+00B0>C"
749.4,1.78168368500481,"525 <U+00B0>C"
750.1,1.73670980748393,"525 <U+00B0>C"
750.8,1.76596142076607,"525 <U+00B0>C"
751.5,1.73617431770394,"525 <U+00B0>C"
752.2,1.74949976955878,"525 <U+00B0>C"
752.9,1.71863168015786,"525 <U+00B0>C"
753.6,1.74396766035575,"525 <U+00B0>C"
754.3,1.71375181404858,"525 <U+00B0>C"
755,1.72050330529779,"525 <U+00B0>C"
755.7,1.65224751879334,"525 <U+00B0>C"
756.4,1.65135177387702,"525 <U+00B0>C"
757.1,1.65405149348469,"525 <U+00B0>C"
757.8,1.61819254288098,"525 <U+00B0>C"
758.5,1.66390631498443,"525 <U+00B0>C"
759.2,1.64683484020549,"525 <U+00B0>C"
759.9,1.64586571789781,"525 <U+00B0>C"
760.6,1.62400358571673,"525 <U+00B0>C"
761.3,1.62291826784892,"525 <U+00B0>C"
762,1.56945853292567,"525 <U+00B0>C"
762.7,1.59611548130063,"525 <U+00B0>C"
763.4,1.61141134580251,"525 <U+00B0>C"
764.1,1.57911252789799,"525 <U+00B0>C"
764.8,1.54993182145751,"525 <U+00B0>C"
765.5,1.55105526299559,"525 <U+00B0>C"
766.2,1.57290836431629,"525 <U+00B0>C"
766.9,1.54031121517127,"525 <U+00B0>C"
767.6,1.54011818893028,"525 <U+00B0>C"
768.3,1.52641613442317,"525 <U+00B0>C"
769,1.53272152183595,"525 <U+00B0>C"
769.7,1.55527603913284,"525 <U+00B0>C"
770.4,1.54346345187159,"525 <U+00B0>C"
771.1,1.51600074167567,"525 <U+00B0>C"
771.8,1.56978436786523,"525 <U+00B0>C"
772.5,1.54882393191177,"525 <U+00B0>C"
773.2,1.50135119473234,"525 <U+00B0>C"
773.9,1.5467230081023,"525 <U+00B0>C"
774.6,1.50654614453453,"525 <U+00B0>C"
775.3,1.51981324138387,"525 <U+00B0>C"
776,1.51877374882006,"525 <U+00B0>C"
776.7,1.55910619532795,"525 <U+00B0>C"
777.4,1.50793902410681,"525 <U+00B0>C"
778.1,1.4550290774527,"525 <U+00B0>C"
778.8,1.52109651929391,"525 <U+00B0>C"
779.5,1.49338893663359,"525 <U+00B0>C"
780.2,1.49649542888534,"525 <U+00B0>C"
780.9,1.49034604996416,"525 <U+00B0>C"
781.6,1.47463329030988,"525 <U+00B0>C"
782.3,1.4864587494737,"525 <U+00B0>C"
783,1.51268538249813,"525 <U+00B0>C"
783.7,1.50916150326152,"525 <U+00B0>C"
784.4,1.52692482884908,"525 <U+00B0>C"
785.1,1.51941427204659,"525 <U+00B0>C"
785.8,1.46448543595422,"525 <U+00B0>C"
786.5,1.52502977654988,"525 <U+00B0>C"
787.2,1.52319972186997,"525 <U+00B0>C"
787.9,1.50170905259462,"525 <U+00B0>C"
788.6,1.52763970825369,"525 <U+00B0>C"
789.3,1.44990203821138,"525 <U+00B0>C"
790,1.55721514574285,"525 <U+00B0>C"
790.7,1.5172158704245,"525 <U+00B0>C"
791.4,1.52167784838563,"525 <U+00B0>C"
792.1,1.45267598672397,"525 <U+00B0>C"
792.8,1.46609705759427,"525 <U+00B0>C"
793.5,1.45852347758715,"525 <U+00B0>C"
794.2,1.48877454771547,"525 <U+00B0>C"
794.9,1.46545880261296,"525 <U+00B0>C"
795.6,1.49081935447546,"525 <U+00B0>C"
796.3,1.47223186558512,"525 <U+00B0>C"
797,1.47542136341612,"525 <U+00B0>C"
797.7,1.51120670068334,"525 <U+00B0>C"
798.4,1.46911273804434,"525 <U+00B0>C"
799.1,1.49181108585998,"525 <U+00B0>C"
799.8,1.46823765294568,"525 <U+00B0>C"
800.5,1.43971270361784,"525 <U+00B0>C"
801.2,1.4874565502798,"525 <U+00B0>C"
801.9,1.4414933691828,"525 <U+00B0>C"
802.6,1.49826835499943,"525 <U+00B0>C"
803.3,1.47035495226108,"525 <U+00B0>C"
804,1.45904564394353,"525 <U+00B0>C"
804.7,1.44645234122402,"525 <U+00B0>C"
805.4,1.46238172127466,"525 <U+00B0>C"
806.1,1.46234523812938,"525 <U+00B0>C"
806.8,1.45104980535671,"525 <U+00B0>C"
807.5,1.44617794462788,"525 <U+00B0>C"
808.2,1.45844040683188,"525 <U+00B0>C"
808.9,1.47842487250396,"525 <U+00B0>C"
809.6,1.41561077596336,"525 <U+00B0>C"
810.3,1.46630815433284,"525 <U+00B0>C"
811,1.4801905289785,"525 <U+00B0>C"
811.7,1.41640492787711,"525 <U+00B0>C"
812.4,1.42315933198108,"525 <U+00B0>C"
813.1,1.42856878587742,"525 <U+00B0>C"
813.8,1.4419612338211,"525 <U+00B0>C"
814.5,1.40462316728587,"525 <U+00B0>C"
815.2,1.43006937651333,"525 <U+00B0>C"
815.9,1.44942914414375,"525 <U+00B0>C"
816.6,1.42489473154512,"525 <U+00B0>C"
817.3,1.44083082456988,"525 <U+00B0>C"
818,1.42576854262728,"525 <U+00B0>C"
818.7,1.42735214117402,"525 <U+00B0>C"
819.4,1.43279909089457,"525 <U+00B0>C"
820.1,1.37465010221752,"525 <U+00B0>C"
820.8,1.41160208941823,"525 <U+00B0>C"
821.5,1.39216608916396,"525 <U+00B0>C"
822.2,1.43071074267317,"525 <U+00B0>C"
822.9,1.43351508964719,"525 <U+00B0>C"
823.6,1.37992182483196,"525 <U+00B0>C"
824.3,1.42964023067615,"525 <U+00B0>C"
825,1.38497115635386,"525 <U+00B0>C"
825.7,1.42286521248541,"525 <U+00B0>C"
826.4,1.33227820460001,"525 <U+00B0>C"
827.1,1.3912645065497,"525 <U+00B0>C"
827.8,1.37832611197609,"525 <U+00B0>C"
828.5,1.36823941422476,"525 <U+00B0>C"
829.2,1.36541469696205,"525 <U+00B0>C"
829.9,1.37953025215069,"525 <U+00B0>C"
830.6,1.33441946673498,"525 <U+00B0>C"
831.3,1.3924209292616,"525 <U+00B0>C"
832,1.36359330711465,"525 <U+00B0>C"
832.7,1.36964331974864,"525 <U+00B0>C"
833.4,1.40193373235494,"525 <U+00B0>C"
834.1,1.39079180307607,"525 <U+00B0>C"
834.8,1.31757979142307,"525 <U+00B0>C"
835.5,1.36532092871258,"525 <U+00B0>C"
836.2,1.32628160425767,"525 <U+00B0>C"
836.9,1.32836378973524,"525 <U+00B0>C"
837.6,1.34227357112735,"525 <U+00B0>C"
838.3,1.34367559302968,"525 <U+00B0>C"
839,1.36637528504268,"525 <U+00B0>C"
839.7,1.35629825379191,"525 <U+00B0>C"
840.4,1.36739321574452,"525 <U+00B0>C"
841.1,1.35415785187646,"525 <U+00B0>C"
841.8,1.33371398858603,"525 <U+00B0>C"
842.5,1.36382966489712,"525 <U+00B0>C"
843.2,1.31616055960403,"525 <U+00B0>C"
843.9,1.34980152421253,"525 <U+00B0>C"
844.6,1.27642433390224,"525 <U+00B0>C"
845.3,1.32342868238753,"525 <U+00B0>C"
846,1.31866415927137,"525 <U+00B0>C"
846.7,1.31437923645226,"525 <U+00B0>C"
847.4,1.28881804980285,"525 <U+00B0>C"
848.1,1.33467486550925,"525 <U+00B0>C"
848.8,1.26582503865143,"525 <U+00B0>C"
849.5,1.3161548409931,"525 <U+00B0>C"
300,2.47124760945203,"550 <U+00B0>C"
300.7,2.44052121366321,"550 <U+00B0>C"
301.4,2.47271521546656,"550 <U+00B0>C"
302.1,2.47366979504859,"550 <U+00B0>C"
302.8,2.49426281860413,"550 <U+00B0>C"
303.5,2.52228868091284,"550 <U+00B0>C"
304.2,2.443127394141,"550 <U+00B0>C"
304.9,2.41829036624538,"550 <U+00B0>C"
305.6,2.40412084192233,"550 <U+00B0>C"
306.3,2.46604988542222,"550 <U+00B0>C"
307,2.47844098436826,"550 <U+00B0>C"
307.7,2.46597947113162,"550 <U+00B0>C"
308.4,2.45425232875522,"550 <U+00B0>C"
309.1,2.44929630618296,"550 <U+00B0>C"
309.8,2.47579171281384,"550 <U+00B0>C"
310.5,2.50223550883043,"550 <U+00B0>C"
311.2,2.47868366673044,"550 <U+00B0>C"
311.9,2.45506277145983,"550 <U+00B0>C"
312.6,2.49297569152416,"550 <U+00B0>C"
313.3,2.46224230100007,"550 <U+00B0>C"
314,2.45013190959234,"550 <U+00B0>C"
314.7,2.47695540807127,"550 <U+00B0>C"
315.4,2.4831811381821,"550 <U+00B0>C"
316.1,2.49437728602135,"550 <U+00B0>C"
316.8,2.44983035790113,"550 <U+00B0>C"
317.5,2.43831999366011,"550 <U+00B0>C"
318.2,2.49229333563688,"550 <U+00B0>C"
318.9,2.4790796819811,"550 <U+00B0>C"
319.6,2.47317224698369,"550 <U+00B0>C"
320.3,2.46898453137445,"550 <U+00B0>C"
321,2.49450136141882,"550 <U+00B0>C"
321.7,2.49546075463149,"550 <U+00B0>C"
322.4,2.4528433163368,"550 <U+00B0>C"
323.1,2.48804465744035,"550 <U+00B0>C"
323.8,2.45328126509554,"550 <U+00B0>C"
324.5,2.44207524333518,"550 <U+00B0>C"
325.2,2.48451574042894,"550 <U+00B0>C"
325.9,2.46683645491551,"550 <U+00B0>C"
326.6,2.45270060937144,"550 <U+00B0>C"
327.3,2.51455756860619,"550 <U+00B0>C"
328,2.45052959701734,"550 <U+00B0>C"
328.7,2.44776394664123,"550 <U+00B0>C"
329.4,2.45792916964442,"550 <U+00B0>C"
330.1,2.50047688040349,"550 <U+00B0>C"
330.8,2.48683207677911,"550 <U+00B0>C"
331.5,2.48413901405485,"550 <U+00B0>C"
332.2,2.51988914951468,"550 <U+00B0>C"
332.9,2.44645974431513,"550 <U+00B0>C"
333.6,2.40208143075744,"550 <U+00B0>C"
334.3,2.49813385434771,"550 <U+00B0>C"
335,2.41088485697646,"550 <U+00B0>C"
335.7,2.45102198803193,"550 <U+00B0>C"
336.4,2.47977717267316,"550 <U+00B0>C"
337.1,2.4490010073006,"550 <U+00B0>C"
337.8,2.45772266116533,"550 <U+00B0>C"
338.5,2.43370249217711,"550 <U+00B0>C"
339.2,2.45843860028586,"550 <U+00B0>C"
339.9,2.45491821446529,"550 <U+00B0>C"
340.6,2.48396013946572,"550 <U+00B0>C"
341.3,2.43843118867872,"550 <U+00B0>C"
342,2.43538796435495,"550 <U+00B0>C"
342.7,2.46534144772246,"550 <U+00B0>C"
343.4,2.4894982729547,"550 <U+00B0>C"
344.1,2.45062653103604,"550 <U+00B0>C"
344.8,2.46268812675903,"550 <U+00B0>C"
345.5,2.50739015776343,"550 <U+00B0>C"
346.2,2.43935155529479,"550 <U+00B0>C"
346.9,2.5091604846417,"550 <U+00B0>C"
347.6,2.45719697005561,"550 <U+00B0>C"
348.3,2.4542674007413,"550 <U+00B0>C"
349,2.43972162183973,"550 <U+00B0>C"
349.7,2.48027036861083,"550 <U+00B0>C"
350.4,2.48175631605444,"550 <U+00B0>C"
351.1,2.48073798415283,"550 <U+00B0>C"
351.8,2.44337990248487,"550 <U+00B0>C"
352.5,2.49208722034036,"550 <U+00B0>C"
353.2,2.47240481138253,"550 <U+00B0>C"
353.9,2.49846153688461,"550 <U+00B0>C"
354.6,2.44790069473628,"550 <U+00B0>C"
355.3,2.42049284380179,"550 <U+00B0>C"
356,2.49070334785546,"550 <U+00B0>C"
356.7,2.44997973243836,"550 <U+00B0>C"
357.4,2.48137893590919,"550 <U+00B0>C"
358.1,2.51610903625039,"550 <U+00B0>C"
358.8,2.46639819159706,"550 <U+00B0>C"
359.5,2.45194152853419,"550 <U+00B0>C"
360.2,2.47154392986752,"550 <U+00B0>C"
360.9,2.4836754414782,"550 <U+00B0>C"
361.6,2.44454028702263,"550 <U+00B0>C"
362.3,2.47856726062195,"550 <U+00B0>C"
363,2.48761543531413,"550 <U+00B0>C"
363.7,2.47498662432215,"550 <U+00B0>C"
364.4,2.47913133316479,"550 <U+00B0>C"
365.1,2.45992179739457,"550 <U+00B0>C"
365.8,2.49237587179464,"550 <U+00B0>C"
366.5,2.50080956403644,"550 <U+00B0>C"
367.2,2.51411066275924,"550 <U+00B0>C"
367.9,2.45815866083945,"550 <U+00B0>C"
368.6,2.49192701582126,"550 <U+00B0>C"
369.3,2.46690248797311,"550 <U+00B0>C"
370,2.46033682621814,"550 <U+00B0>C"
370.7,2.4991157606986,"550 <U+00B0>C"
371.4,2.48807843739353,"550 <U+00B0>C"
372.1,2.48796584399876,"550 <U+00B0>C"
372.8,2.48540556742933,"550 <U+00B0>C"
373.5,2.49236616638573,"550 <U+00B0>C"
374.2,2.44939284113609,"550 <U+00B0>C"
374.9,2.49072460533948,"550 <U+00B0>C"
375.6,2.46302169194248,"550 <U+00B0>C"
376.3,2.50273847463314,"550 <U+00B0>C"
377,2.47287396264887,"550 <U+00B0>C"
377.7,2.47373257523315,"550 <U+00B0>C"
378.4,2.51083759430462,"550 <U+00B0>C"
379.1,2.43937687467274,"550 <U+00B0>C"
379.8,2.50851413039667,"550 <U+00B0>C"
380.5,2.48975739907046,"550 <U+00B0>C"
381.2,2.47296569881625,"550 <U+00B0>C"
381.9,2.47675385733635,"550 <U+00B0>C"
382.6,2.48210241046803,"550 <U+00B0>C"
383.3,2.42318766731339,"550 <U+00B0>C"
384,2.45276053397538,"550 <U+00B0>C"
384.7,2.42245627186149,"550 <U+00B0>C"
385.4,2.48050938669901,"550 <U+00B0>C"
386.1,2.4658175005443,"550 <U+00B0>C"
386.8,2.46333669234665,"550 <U+00B0>C"
387.5,2.47302371110589,"550 <U+00B0>C"
388.2,2.47267754348904,"550 <U+00B0>C"
388.9,2.45131453034564,"550 <U+00B0>C"
389.6,2.46341116137222,"550 <U+00B0>C"
390.3,2.44332630603164,"550 <U+00B0>C"
391,2.44386862554702,"550 <U+00B0>C"
391.7,2.51604425605974,"550 <U+00B0>C"
392.4,2.51080831049869,"550 <U+00B0>C"
393.1,2.48378731824378,"550 <U+00B0>C"
393.8,2.5037342431211,"550 <U+00B0>C"
394.5,2.45350472820353,"550 <U+00B0>C"
395.2,2.49123205899973,"550 <U+00B0>C"
395.9,2.48589511225666,"550 <U+00B0>C"
396.6,2.47632912655031,"550 <U+00B0>C"
397.3,2.4866905352607,"550 <U+00B0>C"
398,2.51490231673756,"550 <U+00B0>C"
398.7,2.49927585112158,"550 <U+00B0>C"
399.4,2.51571353737865,"550 <U+00B0>C"
400.1,2.50170116515595,"550 <U+00B0>C"
400.8,2.49642360643592,"550 <U+00B0>C"
401.5,2.46849070583895,"550 <U+00B0>C"
402.2,2.51539794275582,"550 <U+00B0>C"
402.9,2.48660625363665,"550 <U+00B0>C"
403.6,2.54256759478556,"550 <U+00B0>C"
404.3,2.51900136223854,"550 <U+00B0>C"
405,2.52210717824146,"550 <U+00B0>C"
405.7,2.55511214488292,"550 <U+00B0>C"
406.4,2.51710950460473,"550 <U+00B0>C"
407.1,2.56677531862723,"550 <U+00B0>C"
407.8,2.54824556861692,"550 <U+00B0>C"
408.5,2.55755690017855,"550 <U+00B0>C"
409.2,2.58184129126731,"550 <U+00B0>C"
409.9,2.53729082200456,"550 <U+00B0>C"
410.6,2.56972289901615,"550 <U+00B0>C"
411.3,2.5950126242621,"550 <U+00B0>C"
412,2.597649018582,"550 <U+00B0>C"
412.7,2.59518457901132,"550 <U+00B0>C"
413.4,2.59068392097478,"550 <U+00B0>C"
414.1,2.61894845512191,"550 <U+00B0>C"
414.8,2.62290101121079,"550 <U+00B0>C"
415.5,2.6167046048157,"550 <U+00B0>C"
416.2,2.61999753957395,"550 <U+00B0>C"
416.9,2.60914085024083,"550 <U+00B0>C"
417.6,2.64775578304297,"550 <U+00B0>C"
418.3,2.63777358421188,"550 <U+00B0>C"
419,2.63913266305517,"550 <U+00B0>C"
419.7,2.65795678550628,"550 <U+00B0>C"
420.4,2.57439732574423,"550 <U+00B0>C"
421.1,2.59522735166832,"550 <U+00B0>C"
421.8,2.63537801167022,"550 <U+00B0>C"
422.5,2.66492194727549,"550 <U+00B0>C"
423.2,2.59790941928076,"550 <U+00B0>C"
423.9,2.61962780253576,"550 <U+00B0>C"
424.6,2.58711664369177,"550 <U+00B0>C"
425.3,2.6363291633597,"550 <U+00B0>C"
426,2.61285213407277,"550 <U+00B0>C"
426.7,2.58986231725026,"550 <U+00B0>C"
427.4,2.60732807280044,"550 <U+00B0>C"
428.1,2.61360313664811,"550 <U+00B0>C"
428.8,2.56003440356718,"550 <U+00B0>C"
429.5,2.58511145763056,"550 <U+00B0>C"
430.2,2.58000991482757,"550 <U+00B0>C"
430.9,2.50349819677317,"550 <U+00B0>C"
431.6,2.56214930599617,"550 <U+00B0>C"
432.3,2.53990259535609,"550 <U+00B0>C"
433,2.57278001146283,"550 <U+00B0>C"
433.7,2.53805496543735,"550 <U+00B0>C"
434.4,2.54454495963244,"550 <U+00B0>C"
435.1,2.48437359737745,"550 <U+00B0>C"
435.8,2.51107055797455,"550 <U+00B0>C"
436.5,2.50269390715354,"550 <U+00B0>C"
437.2,2.52436332008233,"550 <U+00B0>C"
437.9,2.49187906152978,"550 <U+00B0>C"
438.6,2.46075208007416,"550 <U+00B0>C"
439.3,2.44169950939523,"550 <U+00B0>C"
440,2.48583914496547,"550 <U+00B0>C"
440.7,2.42100616306109,"550 <U+00B0>C"
441.4,2.46983356740717,"550 <U+00B0>C"
442.1,2.41941802588288,"550 <U+00B0>C"
442.8,2.47889531354982,"550 <U+00B0>C"
443.5,2.45484873911861,"550 <U+00B0>C"
444.2,2.44290506295457,"550 <U+00B0>C"
444.9,2.43911295662164,"550 <U+00B0>C"
445.6,2.43564918530719,"550 <U+00B0>C"
446.3,2.42707743564537,"550 <U+00B0>C"
447,2.45160304610526,"550 <U+00B0>C"
447.7,2.46810311459381,"550 <U+00B0>C"
448.4,2.43147826965269,"550 <U+00B0>C"
449.1,2.41843444852205,"550 <U+00B0>C"
449.8,2.40884934850921,"550 <U+00B0>C"
450.5,2.41829847782938,"550 <U+00B0>C"
451.2,2.43256343459515,"550 <U+00B0>C"
451.9,2.43877018889621,"550 <U+00B0>C"
452.6,2.36879481313971,"550 <U+00B0>C"
453.3,2.44053298922656,"550 <U+00B0>C"
454,2.44826559387705,"550 <U+00B0>C"
454.7,2.4404626615948,"550 <U+00B0>C"
455.4,2.4484309479026,"550 <U+00B0>C"
456.1,2.42621660108139,"550 <U+00B0>C"
456.8,2.43875360018696,"550 <U+00B0>C"
457.5,2.41328083085533,"550 <U+00B0>C"
458.2,2.41337309184154,"550 <U+00B0>C"
458.9,2.41317411849515,"550 <U+00B0>C"
459.6,2.46906904996919,"550 <U+00B0>C"
460.3,2.4021850138848,"550 <U+00B0>C"
461,2.43522380290536,"550 <U+00B0>C"
461.7,2.42184610782832,"550 <U+00B0>C"
462.4,2.45510811454523,"550 <U+00B0>C"
463.1,2.41589449283448,"550 <U+00B0>C"
463.8,2.42868290303788,"550 <U+00B0>C"
464.5,2.44360817177138,"550 <U+00B0>C"
465.2,2.45163695175591,"550 <U+00B0>C"
465.9,2.45479007936398,"550 <U+00B0>C"
466.6,2.42389707770303,"550 <U+00B0>C"
467.3,2.45959309927245,"550 <U+00B0>C"
468,2.41446871775353,"550 <U+00B0>C"
468.7,2.41552729375158,"550 <U+00B0>C"
469.4,2.42789672561973,"550 <U+00B0>C"
470.1,2.48118806317094,"550 <U+00B0>C"
470.8,2.43801312874278,"550 <U+00B0>C"
471.5,2.45464960387963,"550 <U+00B0>C"
472.2,2.40211708309324,"550 <U+00B0>C"
472.9,2.45909445907064,"550 <U+00B0>C"
473.6,2.46849278247114,"550 <U+00B0>C"
474.3,2.41355178388783,"550 <U+00B0>C"
475,2.45224398151314,"550 <U+00B0>C"
475.7,2.42223691175535,"550 <U+00B0>C"
476.4,2.45980668284919,"550 <U+00B0>C"
477.1,2.41949898752952,"550 <U+00B0>C"
477.8,2.42188589780841,"550 <U+00B0>C"
478.5,2.45918762458543,"550 <U+00B0>C"
479.2,2.41925877679257,"550 <U+00B0>C"
479.9,2.40257350818575,"550 <U+00B0>C"
480.6,2.43538275552115,"550 <U+00B0>C"
481.3,2.4469017321082,"550 <U+00B0>C"
482,2.40885138929924,"550 <U+00B0>C"
482.7,2.41687194529553,"550 <U+00B0>C"
483.4,2.4257869715083,"550 <U+00B0>C"
484.1,2.45361370375124,"550 <U+00B0>C"
484.8,2.42908275324977,"550 <U+00B0>C"
485.5,2.45355237441861,"550 <U+00B0>C"
486.2,2.45349891022222,"550 <U+00B0>C"
486.9,2.44128306813238,"550 <U+00B0>C"
487.6,2.40729581530735,"550 <U+00B0>C"
488.3,2.42752242891567,"550 <U+00B0>C"
489,2.45744127548157,"550 <U+00B0>C"
489.7,2.44973661546991,"550 <U+00B0>C"
490.4,2.40376120214105,"550 <U+00B0>C"
491.1,2.42022928460979,"550 <U+00B0>C"
491.8,2.41074991542519,"550 <U+00B0>C"
492.5,2.4297755686254,"550 <U+00B0>C"
493.2,2.42751700939152,"550 <U+00B0>C"
493.9,2.4698308052438,"550 <U+00B0>C"
494.6,2.45421183782813,"550 <U+00B0>C"
495.3,2.45147749678805,"550 <U+00B0>C"
496,2.43645133291542,"550 <U+00B0>C"
496.7,2.42135869520761,"550 <U+00B0>C"
497.4,2.42725875958245,"550 <U+00B0>C"
498.1,2.48106631814498,"550 <U+00B0>C"
498.8,2.43231024478197,"550 <U+00B0>C"
499.5,2.4293053752011,"550 <U+00B0>C"
500.2,2.42541942355201,"550 <U+00B0>C"
500.9,2.45637124857438,"550 <U+00B0>C"
501.6,2.46214907060847,"550 <U+00B0>C"
502.3,2.46842068409948,"550 <U+00B0>C"
503,2.41667998931052,"550 <U+00B0>C"
503.7,2.44896708596058,"550 <U+00B0>C"
504.4,2.42736835202837,"550 <U+00B0>C"
505.1,2.45005472617239,"550 <U+00B0>C"
505.8,2.47008577184528,"550 <U+00B0>C"
506.5,2.42024521259001,"550 <U+00B0>C"
507.2,2.43700096684511,"550 <U+00B0>C"
507.9,2.40246197375499,"550 <U+00B0>C"
508.6,2.43035016948613,"550 <U+00B0>C"
509.3,2.41169107727982,"550 <U+00B0>C"
510,2.42864213849998,"550 <U+00B0>C"
510.7,2.45508155632194,"550 <U+00B0>C"
511.4,2.44260575816206,"550 <U+00B0>C"
512.1,2.43241282083673,"550 <U+00B0>C"
512.8,2.40884670195696,"550 <U+00B0>C"
513.5,2.41853681093455,"550 <U+00B0>C"
514.2,2.45194184314436,"550 <U+00B0>C"
514.9,2.43157926835354,"550 <U+00B0>C"
515.6,2.4645400435262,"550 <U+00B0>C"
516.3,2.43390251647851,"550 <U+00B0>C"
517,2.4519487029646,"550 <U+00B0>C"
517.7,2.48269043616022,"550 <U+00B0>C"
518.4,2.40120581281187,"550 <U+00B0>C"
519.1,2.46961238739762,"550 <U+00B0>C"
519.8,2.4618071995405,"550 <U+00B0>C"
520.5,2.50475800361201,"550 <U+00B0>C"
521.2,2.46066498994946,"550 <U+00B0>C"
521.9,2.4866380251426,"550 <U+00B0>C"
522.6,2.48973026065917,"550 <U+00B0>C"
523.3,2.47729936857302,"550 <U+00B0>C"
524,2.4905198704426,"550 <U+00B0>C"
524.7,2.48501394465595,"550 <U+00B0>C"
525.4,2.44859596755601,"550 <U+00B0>C"
526.1,2.52241112581806,"550 <U+00B0>C"
526.8,2.50181609006026,"550 <U+00B0>C"
527.5,2.48284939081771,"550 <U+00B0>C"
528.2,2.46698696948653,"550 <U+00B0>C"
528.9,2.45701985277766,"550 <U+00B0>C"
529.6,2.48057561092896,"550 <U+00B0>C"
530.3,2.49719957718665,"550 <U+00B0>C"
531,2.47793892471694,"550 <U+00B0>C"
531.7,2.52034372551604,"550 <U+00B0>C"
532.4,2.54141164132094,"550 <U+00B0>C"
533.1,2.55181505593137,"550 <U+00B0>C"
533.8,2.48853952197081,"550 <U+00B0>C"
534.5,2.5297726506024,"550 <U+00B0>C"
535.2,2.55905429835814,"550 <U+00B0>C"
535.9,2.50110255508875,"550 <U+00B0>C"
536.6,2.52926670601909,"550 <U+00B0>C"
537.3,2.58087402440167,"550 <U+00B0>C"
538,2.53738115122963,"550 <U+00B0>C"
538.7,2.53367986029476,"550 <U+00B0>C"
539.4,2.52469996764299,"550 <U+00B0>C"
540.1,2.55346253647027,"550 <U+00B0>C"
540.8,2.54367599333741,"550 <U+00B0>C"
541.5,2.54662762369314,"550 <U+00B0>C"
542.2,2.54117268953701,"550 <U+00B0>C"
542.9,2.57355586016799,"550 <U+00B0>C"
543.6,2.58286615703587,"550 <U+00B0>C"
544.3,2.53036933217044,"550 <U+00B0>C"
545,2.60175146921174,"550 <U+00B0>C"
545.7,2.60671493736828,"550 <U+00B0>C"
546.4,2.58426813813112,"550 <U+00B0>C"
547.1,2.57833500808749,"550 <U+00B0>C"
547.8,2.60795142426843,"550 <U+00B0>C"
548.5,2.62273175756547,"550 <U+00B0>C"
549.2,2.63691870843031,"550 <U+00B0>C"
549.9,2.64327998680625,"550 <U+00B0>C"
550.6,2.6489649363232,"550 <U+00B0>C"
551.3,2.64837121607943,"550 <U+00B0>C"
552,2.63747653425494,"550 <U+00B0>C"
552.7,2.69220186320974,"550 <U+00B0>C"
553.4,2.66658331522445,"550 <U+00B0>C"
554.1,2.67437414016337,"550 <U+00B0>C"
554.8,2.66555525926049,"550 <U+00B0>C"
555.5,2.68398972086725,"550 <U+00B0>C"
556.2,2.65756809608167,"550 <U+00B0>C"
556.9,2.70434527476018,"550 <U+00B0>C"
557.6,2.66455241605731,"550 <U+00B0>C"
558.3,2.64643840583446,"550 <U+00B0>C"
559,2.67697292973656,"550 <U+00B0>C"
559.7,2.67359967800218,"550 <U+00B0>C"
560.4,2.7011166019909,"550 <U+00B0>C"
561.1,2.65830083287549,"550 <U+00B0>C"
561.8,2.69960900257533,"550 <U+00B0>C"
562.5,2.67810946421529,"550 <U+00B0>C"
563.2,2.6950947034099,"550 <U+00B0>C"
563.9,2.74503351010649,"550 <U+00B0>C"
564.6,2.70279617674368,"550 <U+00B0>C"
565.3,2.70867099775504,"550 <U+00B0>C"
566,2.72952327828216,"550 <U+00B0>C"
566.7,2.71351760479926,"550 <U+00B0>C"
567.4,2.70972927420284,"550 <U+00B0>C"
568.1,2.75557650664776,"550 <U+00B0>C"
568.8,2.7503684554291,"550 <U+00B0>C"
569.5,2.72923133612539,"550 <U+00B0>C"
570.2,2.69745295753327,"550 <U+00B0>C"
570.9,2.77125424966425,"550 <U+00B0>C"
571.6,2.72664158210169,"550 <U+00B0>C"
572.3,2.7307286629436,"550 <U+00B0>C"
573,2.7830160085005,"550 <U+00B0>C"
573.7,2.77441815590508,"550 <U+00B0>C"
574.4,2.73217336710056,"550 <U+00B0>C"
575.1,2.72818231155499,"550 <U+00B0>C"
575.8,2.72254237916921,"550 <U+00B0>C"
576.5,2.74638108256956,"550 <U+00B0>C"
577.2,2.76516552263266,"550 <U+00B0>C"
577.9,2.7161599249344,"550 <U+00B0>C"
578.6,2.76201772847519,"550 <U+00B0>C"
579.3,2.70316297496445,"550 <U+00B0>C"
580,2.71874555391624,"550 <U+00B0>C"
580.7,2.6784265890852,"550 <U+00B0>C"
581.4,2.76284805813273,"550 <U+00B0>C"
582.1,2.68893722721389,"550 <U+00B0>C"
582.8,2.70997309484831,"550 <U+00B0>C"
583.5,2.69383007391635,"550 <U+00B0>C"
584.2,2.69273306322699,"550 <U+00B0>C"
584.9,2.68358615689168,"550 <U+00B0>C"
585.6,2.6893170470199,"550 <U+00B0>C"
586.3,2.65533105653384,"550 <U+00B0>C"
587,2.64955329335207,"550 <U+00B0>C"
587.7,2.64182283949797,"550 <U+00B0>C"
588.4,2.62352068563839,"550 <U+00B0>C"
589.1,2.65621004360401,"550 <U+00B0>C"
589.8,2.67205712936165,"550 <U+00B0>C"
590.5,2.64457310581742,"550 <U+00B0>C"
591.2,2.64647275168833,"550 <U+00B0>C"
591.9,2.64027406634782,"550 <U+00B0>C"
592.6,2.6646869319021,"550 <U+00B0>C"
593.3,2.6245684169612,"550 <U+00B0>C"
594,2.6048943801553,"550 <U+00B0>C"
594.7,2.61029554256125,"550 <U+00B0>C"
595.4,2.65657129591951,"550 <U+00B0>C"
596.1,2.59316623282961,"550 <U+00B0>C"
596.8,2.62688985309303,"550 <U+00B0>C"
597.5,2.60826958964792,"550 <U+00B0>C"
598.2,2.55886413877456,"550 <U+00B0>C"
598.9,2.59655380128993,"550 <U+00B0>C"
599.6,2.57172443095163,"550 <U+00B0>C"
600.3,2.57293975617623,"550 <U+00B0>C"
601,2.60624834300923,"550 <U+00B0>C"
601.7,2.59355586949762,"550 <U+00B0>C"
602.4,2.52424963219705,"550 <U+00B0>C"
603.1,2.54538196034486,"550 <U+00B0>C"
603.8,2.57952060989462,"550 <U+00B0>C"
604.5,2.5906903245793,"550 <U+00B0>C"
605.2,2.53815521900832,"550 <U+00B0>C"
605.9,2.51283178114888,"550 <U+00B0>C"
606.6,2.50965750495321,"550 <U+00B0>C"
607.3,2.5222603998158,"550 <U+00B0>C"
608,2.52398476082601,"550 <U+00B0>C"
608.7,2.54781282427382,"550 <U+00B0>C"
609.4,2.52321909815633,"550 <U+00B0>C"
610.1,2.49767180158354,"550 <U+00B0>C"
610.8,2.54327574929193,"550 <U+00B0>C"
611.5,2.56799289228514,"550 <U+00B0>C"
612.2,2.48744220397806,"550 <U+00B0>C"
612.9,2.50610136143321,"550 <U+00B0>C"
613.6,2.50786941615562,"550 <U+00B0>C"
614.3,2.44165250853334,"550 <U+00B0>C"
615,2.45657835151623,"550 <U+00B0>C"
615.7,2.48556910795778,"550 <U+00B0>C"
616.4,2.44532528780208,"550 <U+00B0>C"
617.1,2.49510300138284,"550 <U+00B0>C"
617.8,2.50244338609787,"550 <U+00B0>C"
618.5,2.53865037792456,"550 <U+00B0>C"
619.2,2.50658739445576,"550 <U+00B0>C"
619.9,2.45920620561735,"550 <U+00B0>C"
620.6,2.45459034303489,"550 <U+00B0>C"
621.3,2.4717857643496,"550 <U+00B0>C"
622,2.48302088011111,"550 <U+00B0>C"
622.7,2.48599547755911,"550 <U+00B0>C"
623.4,2.47281534911035,"550 <U+00B0>C"
624.1,2.44009794422341,"550 <U+00B0>C"
624.8,2.46679353614443,"550 <U+00B0>C"
625.5,2.48896483409232,"550 <U+00B0>C"
626.2,2.46949866431176,"550 <U+00B0>C"
626.9,2.45461244286059,"550 <U+00B0>C"
627.6,2.46499392627108,"550 <U+00B0>C"
628.3,2.44693695907186,"550 <U+00B0>C"
629,2.45987053981263,"550 <U+00B0>C"
629.7,2.44039073634913,"550 <U+00B0>C"
630.4,2.52192278017469,"550 <U+00B0>C"
631.1,2.48097090156061,"550 <U+00B0>C"
631.8,2.45512325862025,"550 <U+00B0>C"
632.5,2.48106932207063,"550 <U+00B0>C"
633.2,2.45875993790858,"550 <U+00B0>C"
633.9,2.47463243474349,"550 <U+00B0>C"
634.6,2.47609022646528,"550 <U+00B0>C"
635.3,2.42693679372748,"550 <U+00B0>C"
636,2.51626347995411,"550 <U+00B0>C"
636.7,2.42626619421397,"550 <U+00B0>C"
637.4,2.50735995318984,"550 <U+00B0>C"
638.1,2.43552303103312,"550 <U+00B0>C"
638.8,2.46180355889428,"550 <U+00B0>C"
639.5,2.43216431834917,"550 <U+00B0>C"
640.2,2.46143588778725,"550 <U+00B0>C"
640.9,2.42319938590585,"550 <U+00B0>C"
641.6,2.49312689173172,"550 <U+00B0>C"
642.3,2.46253215382715,"550 <U+00B0>C"
643,2.47668336426332,"550 <U+00B0>C"
643.7,2.42891197264237,"550 <U+00B0>C"
644.4,2.4681914456457,"550 <U+00B0>C"
645.1,2.47821936876585,"550 <U+00B0>C"
645.8,2.41730577013931,"550 <U+00B0>C"
646.5,2.46675288828759,"550 <U+00B0>C"
647.2,2.4152385102976,"550 <U+00B0>C"
647.9,2.44293258461229,"550 <U+00B0>C"
648.6,2.47263135020292,"550 <U+00B0>C"
649.3,2.47634013053717,"550 <U+00B0>C"
650,2.44637511294963,"550 <U+00B0>C"
650.7,2.45001291463317,"550 <U+00B0>C"
651.4,2.46242496973936,"550 <U+00B0>C"
652.1,2.45547988387593,"550 <U+00B0>C"
652.8,2.46813002163843,"550 <U+00B0>C"
653.5,2.43019075536827,"550 <U+00B0>C"
654.2,2.49606241344967,"550 <U+00B0>C"
654.9,2.43659779889497,"550 <U+00B0>C"
655.6,2.45775877070757,"550 <U+00B0>C"
656.3,2.45128632609901,"550 <U+00B0>C"
657,2.46548265976431,"550 <U+00B0>C"
657.7,2.42509917254259,"550 <U+00B0>C"
658.4,2.4778535344073,"550 <U+00B0>C"
659.1,2.43401095556436,"550 <U+00B0>C"
659.8,2.41803328525614,"550 <U+00B0>C"
660.5,2.41300418921408,"550 <U+00B0>C"
661.2,2.43722294785651,"550 <U+00B0>C"
661.9,2.3895613650349,"550 <U+00B0>C"
662.6,2.45059095862634,"550 <U+00B0>C"
663.3,2.44773985104542,"550 <U+00B0>C"
664,2.44544101717891,"550 <U+00B0>C"
664.7,2.45286673021635,"550 <U+00B0>C"
665.4,2.43452890881819,"550 <U+00B0>C"
666.1,2.42228841234544,"550 <U+00B0>C"
666.8,2.43100997751452,"550 <U+00B0>C"
667.5,2.42584698308652,"550 <U+00B0>C"
668.2,2.39658654236846,"550 <U+00B0>C"
668.9,2.45005923568956,"550 <U+00B0>C"
669.6,2.42938944005361,"550 <U+00B0>C"
670.3,2.37450255580718,"550 <U+00B0>C"
671,2.41634208099534,"550 <U+00B0>C"
671.7,2.44454983213446,"550 <U+00B0>C"
672.4,2.44961460894253,"550 <U+00B0>C"
673.1,2.39868146830739,"550 <U+00B0>C"
673.8,2.45100889537115,"550 <U+00B0>C"
674.5,2.41486633931002,"550 <U+00B0>C"
675.2,2.43541690419469,"550 <U+00B0>C"
675.9,2.41123761053485,"550 <U+00B0>C"
676.6,2.41299959406195,"550 <U+00B0>C"
677.3,2.38563898396485,"550 <U+00B0>C"
678,2.46393743764959,"550 <U+00B0>C"
678.7,2.41483250826609,"550 <U+00B0>C"
679.4,2.43818050198996,"550 <U+00B0>C"
680.1,2.45250772107207,"550 <U+00B0>C"
680.8,2.4213670621169,"550 <U+00B0>C"
681.5,2.47469480337952,"550 <U+00B0>C"
682.2,2.42131057331738,"550 <U+00B0>C"
682.9,2.41690267158969,"550 <U+00B0>C"
683.6,2.42208006167836,"550 <U+00B0>C"
684.3,2.45544583617097,"550 <U+00B0>C"
685,2.45980069896188,"550 <U+00B0>C"
685.7,2.45663455876001,"550 <U+00B0>C"
686.4,2.38986059170707,"550 <U+00B0>C"
687.1,2.47811440227504,"550 <U+00B0>C"
687.8,2.50431777612107,"550 <U+00B0>C"
688.5,2.47742867390027,"550 <U+00B0>C"
689.2,2.4872073198188,"550 <U+00B0>C"
689.9,2.50522725710142,"550 <U+00B0>C"
690.6,2.54018464997008,"550 <U+00B0>C"
691.3,2.54447776949416,"550 <U+00B0>C"
692,2.47812480809458,"550 <U+00B0>C"
692.7,2.53972438692744,"550 <U+00B0>C"
693.4,2.52959066938711,"550 <U+00B0>C"
694.1,2.55899554647988,"550 <U+00B0>C"
694.8,2.54754214474668,"550 <U+00B0>C"
695.5,2.57856014531362,"550 <U+00B0>C"
696.2,2.54405088155322,"550 <U+00B0>C"
696.9,2.5688676534178,"550 <U+00B0>C"
697.6,2.5758085144707,"550 <U+00B0>C"
698.3,2.59861374696645,"550 <U+00B0>C"
699,2.64793013513935,"550 <U+00B0>C"
699.7,2.60988949624037,"550 <U+00B0>C"
700.4,2.65267730555438,"550 <U+00B0>C"
701.1,2.64647023312584,"550 <U+00B0>C"
701.8,2.65467927516145,"550 <U+00B0>C"
702.5,2.6682675657521,"550 <U+00B0>C"
703.2,2.72554791999876,"550 <U+00B0>C"
703.9,2.71955968714057,"550 <U+00B0>C"
704.6,2.73419994473787,"550 <U+00B0>C"
705.3,2.74785553596644,"550 <U+00B0>C"
706,2.75278859617915,"550 <U+00B0>C"
706.7,2.77599809919635,"550 <U+00B0>C"
707.4,2.81578961155056,"550 <U+00B0>C"
708.1,2.82073035053019,"550 <U+00B0>C"
708.8,2.82871563183049,"550 <U+00B0>C"
709.5,2.87830549699073,"550 <U+00B0>C"
710.2,2.90036131276788,"550 <U+00B0>C"
710.9,2.93299283650231,"550 <U+00B0>C"
711.6,2.94039171849868,"550 <U+00B0>C"
712.3,2.92889383591716,"550 <U+00B0>C"
713,2.96292066168592,"550 <U+00B0>C"
713.7,3.02155551857724,"550 <U+00B0>C"
714.4,3.02687838895517,"550 <U+00B0>C"
715.1,3.06029607030019,"550 <U+00B0>C"
715.8,3.07337906801976,"550 <U+00B0>C"
716.5,3.04378028748773,"550 <U+00B0>C"
717.2,3.07103224512594,"550 <U+00B0>C"
717.9,3.11275505505024,"550 <U+00B0>C"
718.6,3.16970118995314,"550 <U+00B0>C"
719.3,3.09225571673935,"550 <U+00B0>C"
720,3.14477726628116,"550 <U+00B0>C"
720.7,3.14147715407783,"550 <U+00B0>C"
721.4,3.12005000559774,"550 <U+00B0>C"
722.1,3.19035325312483,"550 <U+00B0>C"
722.8,3.1839649414147,"550 <U+00B0>C"
723.5,3.1891967886243,"550 <U+00B0>C"
724.2,3.20736461458423,"550 <U+00B0>C"
724.9,3.27425778325168,"550 <U+00B0>C"
725.6,3.22996202779086,"550 <U+00B0>C"
726.3,3.26298225264999,"550 <U+00B0>C"
727,3.23368204620558,"550 <U+00B0>C"
727.7,3.2771641444022,"550 <U+00B0>C"
728.4,3.24169594323401,"550 <U+00B0>C"
729.1,3.27883042962841,"550 <U+00B0>C"
729.8,3.26128576083195,"550 <U+00B0>C"
730.5,3.26456814722027,"550 <U+00B0>C"
731.2,3.26117793221066,"550 <U+00B0>C"
731.9,3.23905610448293,"550 <U+00B0>C"
732.6,3.25129314507265,"550 <U+00B0>C"
733.3,3.2653578033753,"550 <U+00B0>C"
734,3.2615388786512,"550 <U+00B0>C"
734.7,3.25106669683838,"550 <U+00B0>C"
735.4,3.25067207217289,"550 <U+00B0>C"
736.1,3.21665084749865,"550 <U+00B0>C"
736.8,3.22885414518425,"550 <U+00B0>C"
737.5,3.21636545327518,"550 <U+00B0>C"
738.2,3.21801825920954,"550 <U+00B0>C"
738.9,3.20864288293377,"550 <U+00B0>C"
739.6,3.21756461600615,"550 <U+00B0>C"
740.3,3.16532665120155,"550 <U+00B0>C"
741,3.14363805945645,"550 <U+00B0>C"
741.7,3.19384408876796,"550 <U+00B0>C"
742.4,3.13038103523817,"550 <U+00B0>C"
743.1,3.16147743597893,"550 <U+00B0>C"
743.8,3.11011955439534,"550 <U+00B0>C"
744.5,3.06730859068073,"550 <U+00B0>C"
745.2,3.04259170512186,"550 <U+00B0>C"
745.9,3.07105303858061,"550 <U+00B0>C"
746.6,3.02786266035047,"550 <U+00B0>C"
747.3,3.00427531224324,"550 <U+00B0>C"
748,2.96375787520491,"550 <U+00B0>C"
748.7,2.98974284532916,"550 <U+00B0>C"
749.4,2.91302532659184,"550 <U+00B0>C"
750.1,2.94516541360413,"550 <U+00B0>C"
750.8,2.94615428037416,"550 <U+00B0>C"
751.5,2.91977835180376,"550 <U+00B0>C"
752.2,2.93893266390962,"550 <U+00B0>C"
752.9,2.91461257376745,"550 <U+00B0>C"
753.6,2.87502864761462,"550 <U+00B0>C"
754.3,2.85505706930467,"550 <U+00B0>C"
755,2.92159271868627,"550 <U+00B0>C"
755.7,2.81445304451225,"550 <U+00B0>C"
756.4,2.82072772851519,"550 <U+00B0>C"
757.1,2.83684847867856,"550 <U+00B0>C"
757.8,2.77381052262293,"550 <U+00B0>C"
758.5,2.75366812505558,"550 <U+00B0>C"
759.2,2.78911425623828,"550 <U+00B0>C"
759.9,2.75928954714363,"550 <U+00B0>C"
760.6,2.78791953402687,"550 <U+00B0>C"
761.3,2.7571317727962,"550 <U+00B0>C"
762,2.74703146442256,"550 <U+00B0>C"
762.7,2.73526368582321,"550 <U+00B0>C"
763.4,2.73280259682125,"550 <U+00B0>C"
764.1,2.72518534834549,"550 <U+00B0>C"
764.8,2.69440969470436,"550 <U+00B0>C"
765.5,2.7141027362406,"550 <U+00B0>C"
766.2,2.68454005004876,"550 <U+00B0>C"
766.9,2.70121828827689,"550 <U+00B0>C"
767.6,2.71804885489633,"550 <U+00B0>C"
768.3,2.65804932047556,"550 <U+00B0>C"
769,2.67131085183159,"550 <U+00B0>C"
769.7,2.66406939277623,"550 <U+00B0>C"
770.4,2.68687569505923,"550 <U+00B0>C"
771.1,2.66567480047405,"550 <U+00B0>C"
771.8,2.68036612953446,"550 <U+00B0>C"
772.5,2.64810788411039,"550 <U+00B0>C"
773.2,2.65583494787267,"550 <U+00B0>C"
773.9,2.63587269301729,"550 <U+00B0>C"
774.6,2.66420609623926,"550 <U+00B0>C"
775.3,2.64966639542188,"550 <U+00B0>C"
776,2.63603755385437,"550 <U+00B0>C"
776.7,2.63232691832592,"550 <U+00B0>C"
777.4,2.61697020987977,"550 <U+00B0>C"
778.1,2.64575985186449,"550 <U+00B0>C"
778.8,2.60131793689082,"550 <U+00B0>C"
779.5,2.62709108711931,"550 <U+00B0>C"
780.2,2.61364239769206,"550 <U+00B0>C"
780.9,2.62021979927965,"550 <U+00B0>C"
781.6,2.67246692542836,"550 <U+00B0>C"
782.3,2.66270954884334,"550 <U+00B0>C"
783,2.68612288034987,"550 <U+00B0>C"
783.7,2.63702754251415,"550 <U+00B0>C"
784.4,2.64167390122426,"550 <U+00B0>C"
785.1,2.63999430067472,"550 <U+00B0>C"
785.8,2.60894119688725,"550 <U+00B0>C"
786.5,2.62535661071909,"550 <U+00B0>C"
787.2,2.62983362185306,"550 <U+00B0>C"
787.9,2.59404706614521,"550 <U+00B0>C"
788.6,2.67004479461283,"550 <U+00B0>C"
789.3,2.6068248879478,"550 <U+00B0>C"
790,2.6142483611396,"550 <U+00B0>C"
790.7,2.62248864790856,"550 <U+00B0>C"
791.4,2.60004343667072,"550 <U+00B0>C"
792.1,2.64941226971151,"550 <U+00B0>C"
792.8,2.65216379965617,"550 <U+00B0>C"
793.5,2.61006924743978,"550 <U+00B0>C"
794.2,2.63487128565667,"550 <U+00B0>C"
794.9,2.62241464844896,"550 <U+00B0>C"
795.6,2.61072997569823,"550 <U+00B0>C"
796.3,2.65533755850175,"550 <U+00B0>C"
797,2.63856753407623,"550 <U+00B0>C"
797.7,2.62199628335958,"550 <U+00B0>C"
798.4,2.5671855994959,"550 <U+00B0>C"
799.1,2.60339942009131,"550 <U+00B0>C"
799.8,2.61419347950498,"550 <U+00B0>C"
800.5,2.60366389831035,"550 <U+00B0>C"
801.2,2.63865101519096,"550 <U+00B0>C"
801.9,2.57879245252045,"550 <U+00B0>C"
802.6,2.62303537253468,"550 <U+00B0>C"
803.3,2.57583916385232,"550 <U+00B0>C"
804,2.59814541479154,"550 <U+00B0>C"
804.7,2.62281468916874,"550 <U+00B0>C"
805.4,2.61757011377645,"550 <U+00B0>C"
806.1,2.60968792847078,"550 <U+00B0>C"
806.8,2.56821000891698,"550 <U+00B0>C"
807.5,2.56452741407682,"550 <U+00B0>C"
808.2,2.59127646881669,"550 <U+00B0>C"
808.9,2.59922526563387,"550 <U+00B0>C"
809.6,2.59289697940378,"550 <U+00B0>C"
810.3,2.58625987545628,"550 <U+00B0>C"
811,2.59351160692582,"550 <U+00B0>C"
811.7,2.58803284361168,"550 <U+00B0>C"
812.4,2.56557833885105,"550 <U+00B0>C"
813.1,2.54444628611785,"550 <U+00B0>C"
813.8,2.59655956488867,"550 <U+00B0>C"
814.5,2.59319656155084,"550 <U+00B0>C"
815.2,2.57151713558887,"550 <U+00B0>C"
815.9,2.58266332863717,"550 <U+00B0>C"
816.6,2.56320920236945,"550 <U+00B0>C"
817.3,2.55482148484618,"550 <U+00B0>C"
818,2.56673422380545,"550 <U+00B0>C"
818.7,2.56075652069638,"550 <U+00B0>C"
819.4,2.56984707854797,"550 <U+00B0>C"
820.1,2.57457929561852,"550 <U+00B0>C"
820.8,2.54876206701188,"550 <U+00B0>C"
821.5,2.54795779327457,"550 <U+00B0>C"
822.2,2.57552457053128,"550 <U+00B0>C"
822.9,2.53506412123578,"550 <U+00B0>C"
823.6,2.54803121035975,"550 <U+00B0>C"
824.3,2.53207114088978,"550 <U+00B0>C"
825,2.53710412985332,"550 <U+00B0>C"
825.7,2.53163400895804,"550 <U+00B0>C"
826.4,2.58541681732157,"550 <U+00B0>C"
827.1,2.50131489521982,"550 <U+00B0>C"
827.8,2.47888394430048,"550 <U+00B0>C"
828.5,2.51800827161097,"550 <U+00B0>C"
829.2,2.50813764019479,"550 <U+00B0>C"
829.9,2.54686856975584,"550 <U+00B0>C"
830.6,2.51329977984196,"550 <U+00B0>C"
831.3,2.50033237120786,"550 <U+00B0>C"
832,2.51284632392301,"550 <U+00B0>C"
832.7,2.4741713584386,"550 <U+00B0>C"
833.4,2.48846592266974,"550 <U+00B0>C"
834.1,2.50377595520894,"550 <U+00B0>C"
834.8,2.51615822259749,"550 <U+00B0>C"
835.5,2.50863345811999,"550 <U+00B0>C"
836.2,2.47690522475094,"550 <U+00B0>C"
836.9,2.48599198828233,"550 <U+00B0>C"
837.6,2.48497763687051,"550 <U+00B0>C"
838.3,2.47132251251048,"550 <U+00B0>C"
839,2.49837677777464,"550 <U+00B0>C"
839.7,2.50115127355314,"550 <U+00B0>C"
840.4,2.50247452698933,"550 <U+00B0>C"
841.1,2.49774736059325,"550 <U+00B0>C"
841.8,2.47931797989085,"550 <U+00B0>C"
842.5,2.51544585191462,"550 <U+00B0>C"
843.2,2.44609273320496,"550 <U+00B0>C"
843.9,2.47975018943083,"550 <U+00B0>C"
844.6,2.4873240249477,"550 <U+00B0>C"
845.3,2.47139756852873,"550 <U+00B0>C"
846,2.4630655013382,"550 <U+00B0>C"
846.7,2.45624766337664,"550 <U+00B0>C"
847.4,2.41606389903258,"550 <U+00B0>C"
848.1,2.48394012594184,"550 <U+00B0>C"
848.8,2.44192947992371,"550 <U+00B0>C"
849.5,2.47207813448635,"550 <U+00B0>C"
